localTime,remoteTime,label,eda,eda_filtered
1653730511227,-1646408577,night1,-5780,-5780
1653730511227,-1646508577,night1,-5781,-5781
1653730511227,-1646608577,night1,-5790,-5790
1653730511227,-1646708577,night1,-5791,-5791
1653730511227,-1646808577,night1,-5794,-5794
1653730511729,-1645908578,night1,-5794,-5794
1653730511729,-1646008578,night1,-5784,-5784
1653730511729,-1646108578,night1,-5789,-5789
1653730511729,-1646208578,night1,-5798,-5798
1653730511729,-1646308578,night1,-5795,-5795
1653730512207,-1645408593,night1,-5797,-5797
1653730512207,-1645508593,night1,-5788,-5788
1653730512207,-1645608593,night1,-5791,-5791
1653730512207,-1645708593,night1,-5795,-5795
1653730512207,-1645808593,night1,-5796,-5796
1653730512700,-1644908584,night1,-5791,-5791
1653730512700,-1645008584,night1,-5778,-5778
1653730512700,-1645108584,night1,-5778,-5778
1653730512700,-1645208584,night1,-5777,-5777
1653730512700,-1645308584,night1,-5777,-5777
1653730513190,-1644408575,night1,-5778,-5778
1653730513190,-1644508575,night1,-5771,-5771
1653730513190,-1644608575,night1,-5778,-5778
1653730513190,-1644708575,night1,-5781,-5781
1653730513190,-1644808575,night1,-5782,-5782
1653730513683,-1643908623,night1,-5780,-5780
1653730513683,-1644008623,night1,-5773,-5773
1653730513683,-1644108623,night1,-5772,-5772
1653730513683,-1644208623,night1,-5774,-5774
1653730513683,-1644308623,night1,-5774,-5774
1653730514185,-1643408535,night1,-5768,-5768
1653730514185,-1643508535,night1,-5760,-5760
1653730514185,-1643608535,night1,-5751,-5751
1653730514185,-1643708535,night1,-5752,-5752
1653730514185,-1643808535,night1,-5740,-5740
1653730514666,-1642908584,night1,-5739,-5739
1653730514666,-1643008584,night1,-5724,-5724
1653730514666,-1643108584,night1,-5725,-5725
1653730514666,-1643208584,night1,-5722,-5722
1653730514666,-1643308584,night1,-5720,-5720
1653730515155,-1642408584,night1,-5711,-5711
1653730515155,-1642508584,night1,-5705,-5705
1653730515155,-1642608584,night1,-5708,-5708
1653730515155,-1642708584,night1,-5708,-5708
1653730515155,-1642808584,night1,-5706,-5706
1653730515648,-1641908570,night1,-5704,-5704
1653730515648,-1642008570,night1,-5698,-5698
1653730515648,-1642108570,night1,-5698,-5698
1653730515648,-1642208570,night1,-5697,-5697
1653730515648,-1642308570,night1,-5692,-5692
1653730516141,-1641408577,night1,-5688,-5688
1653730516141,-1641508577,night1,-5675,-5675
1653730516141,-1641608577,night1,-5677,-5677
1653730516141,-1641708577,night1,-5673,-5673
1653730516141,-1641808577,night1,-5678,-5678
1653730516645,-1640908576,night1,-5682,-5682
1653730516645,-1641008576,night1,-5674,-5674
1653730516645,-1641108576,night1,-5676,-5676
1653730516645,-1641208576,night1,-5678,-5678
1653730516645,-1641308576,night1,-5676,-5676
1653730517155,-1640408616,night1,-5672,-5672
1653730517155,-1640508616,night1,-5676,-5676
1653730517155,-1640608616,night1,-5678,-5678
1653730517155,-1640708616,night1,-5682,-5682
1653730517155,-1640808616,night1,-5685,-5685
1653730517618,-1639908578,night1,-5686,-5686
1653730517618,-1640008578,night1,-5678,-5678
1653730517618,-1640108578,night1,-5682,-5682
1653730517618,-1640208578,night1,-5689,-5689
1653730517618,-1640308578,night1,-5684,-5684
1653730518105,-1639408575,night1,-5698,-5698
1653730518105,-1639508575,night1,-5695,-5695
1653730518105,-1639608575,night1,-5707,-5707
1653730518105,-1639708575,night1,-5710,-5710
1653730518105,-1639808575,night1,-5712,-5712
1653730518589,-1638908574,night1,-5716,-5716
1653730518589,-1639008574,night1,-5715,-5715
1653730518589,-1639108574,night1,-5722,-5722
1653730518589,-1639208574,night1,-5722,-5722
1653730518589,-1639308574,night1,-5729,-5729
1653730519102,-1638408612,night1,-5730,-5730
1653730519102,-1638508612,night1,-5720,-5720
1653730519102,-1638608612,night1,-5724,-5724
1653730519102,-1638708612,night1,-5733,-5733
1653730519102,-1638808612,night1,-5735,-5735
1653730519563,-1637908559,night1,-5737,-5737
1653730519563,-1638008559,night1,-5727,-5727
1653730519563,-1638108559,night1,-5733,-5733
1653730519563,-1638208559,night1,-5736,-5736
1653730519563,-1638308559,night1,-5735,-5735
1653730520047,-1637408567,night1,-5728,-5728
1653730520047,-1637508567,night1,-5719,-5719
1653730520047,-1637608567,night1,-5718,-5718
1653730520047,-1637708567,night1,-5716,-5716
1653730520047,-1637808567,night1,-5710,-5710
1653730520535,-1636908616,night1,-5707,-5707
1653730520535,-1637008616,night1,-5700,-5700
1653730520535,-1637108616,night1,-5693,-5693
1653730520535,-1637208616,night1,-5695,-5695
1653730520535,-1637308616,night1,-5692,-5692
1653730521046,-1636408556,night1,-5688,-5688
1653730521046,-1636508556,night1,-5684,-5684
1653730521046,-1636608556,night1,-5688,-5688
1653730521046,-1636708556,night1,-5689,-5689
1653730521046,-1636808556,night1,-5690,-5690
1653730521512,-1635908550,night1,-5690,-5690
1653730521512,-1636008550,night1,-5680,-5680
1653730521512,-1636108550,night1,-5678,-5678
1653730521512,-1636208550,night1,-5693,-5693
1653730521512,-1636308550,night1,-5694,-5694
1653730522001,-1635408583,night1,-5696,-5696
1653730522001,-1635508583,night1,-5692,-5692
1653730522001,-1635608583,night1,-5698,-5698
1653730522001,-1635708583,night1,-5700,-5700
1653730522001,-1635808583,night1,-5704,-5704
1653730522493,-1634908584,night1,-5706,-5706
1653730522493,-1635008584,night1,-5699,-5699
1653730522493,-1635108584,night1,-5707,-5707
1653730522493,-1635208584,night1,-5711,-5711
1653730522493,-1635308584,night1,-5712,-5712
1653730522993,-1634407764,night1,-5714,-5714
1653730522993,-1634507764,night1,-5711,-5711
1653730522993,-1634607764,night1,-5714,-5714
1653730522993,-1634707764,night1,-5720,-5720
1653730522993,-1634807764,night1,-5722,-5722
1653730523504,-1633908550,night1,-5721,-5721
1653730523504,-1634008550,night1,-5718,-5718
1653730523504,-1634108550,night1,-5724,-5724
1653730523504,-1634208550,night1,-5724,-5724
1653730523504,-1634308550,night1,-5726,-5726
1653730523970,-1633408575,night1,-5726,-5726
1653730523970,-1633508575,night1,-5715,-5715
1653730523970,-1633608575,night1,-5712,-5712
1653730523970,-1633708575,night1,-5722,-5722
1653730523970,-1633808575,night1,-5723,-5723
1653730524464,-1632908584,night1,-5722,-5722
1653730524464,-1633008584,night1,-5717,-5717
1653730524464,-1633108584,night1,-5714,-5714
1653730524464,-1633208584,night1,-5721,-5721
1653730524464,-1633308584,night1,-5723,-5723
1653730524951,-1632408584,night1,-5723,-5723
1653730524951,-1632508584,night1,-5717,-5717
1653730524951,-1632608584,night1,-5725,-5725
1653730524951,-1632708584,night1,-5727,-5727
1653730524951,-1632808584,night1,-5729,-5729
1653730525454,-1631908616,night1,-5730,-5730
1653730525454,-1632008616,night1,-5726,-5726
1653730525454,-1632108616,night1,-5730,-5730
1653730525454,-1632208616,night1,-5734,-5734
1653730525454,-1632308616,night1,-5736,-5736
1653730525962,-1631408577,night1,-5734,-5734
1653730525962,-1631508577,night1,-5729,-5729
1653730525962,-1631608577,night1,-5734,-5734
1653730525962,-1631708577,night1,-5732,-5732
1653730525962,-1631808577,night1,-5732,-5732
1653730526426,-1630908555,night1,-5728,-5728
1653730526426,-1631008555,night1,-5716,-5716
1653730526426,-1631108555,night1,-5706,-5706
1653730526426,-1631208555,night1,-5709,-5709
1653730526426,-1631308555,night1,-5696,-5696
1653730526927,-1630408616,night1,-5690,-5690
1653730526927,-1630508616,night1,-5667,-5667
1653730526927,-1630608616,night1,-5664,-5664
1653730526927,-1630708616,night1,-5657,-5657
1653730526927,-1630808616,night1,-5652,-5652
1653730527408,-1629908578,night1,-5650,-5650
1653730527408,-1630008578,night1,-5636,-5636
1653730527408,-1630108578,night1,-5638,-5638
1653730527408,-1630208578,night1,-5640,-5640
1653730527408,-1630308578,night1,-5640,-5640
1653730527908,-1629408599,night1,-5643,-5643
1653730527908,-1629508599,night1,-5637,-5637
1653730527908,-1629608599,night1,-5642,-5642
1653730527908,-1629708599,night1,-5646,-5646
1653730527908,-1629808599,night1,-5648,-5648
1653730528420,-1628908575,night1,-5646,-5646
1653730528420,-1629008575,night1,-5646,-5646
1653730528420,-1629108575,night1,-5654,-5654
1653730528420,-1629208575,night1,-5656,-5656
1653730528420,-1629308575,night1,-5659,-5659
1653730528885,-1628408616,night1,-5660,-5660
1653730528885,-1628508616,night1,-5652,-5652
1653730528885,-1628608616,night1,-5661,-5661
1653730528885,-1628708616,night1,-5672,-5672
1653730528885,-1628808616,night1,-5667,-5667
1653730529377,-1627908550,night1,-5667,-5667
1653730529377,-1628008550,night1,-5671,-5671
1653730529377,-1628108550,night1,-5679,-5679
1653730529377,-1628208550,night1,-5680,-5680
1653730529377,-1628308550,night1,-5683,-5683
1653730529867,-1627408575,night1,-5683,-5683
1653730529867,-1627508575,night1,-5675,-5675
1653730529867,-1627608575,night1,-5681,-5681
1653730529867,-1627708575,night1,-5683,-5683
1653730529867,-1627808575,night1,-5681,-5681
1653730530368,-1626908590,night1,-5683,-5683
1653730530368,-1627008590,night1,-5677,-5677
1653730530368,-1627108590,night1,-5679,-5679
1653730530368,-1627208590,night1,-5684,-5684
1653730530368,-1627308590,night1,-5685,-5685
1653730530878,-1626408584,night1,-5683,-5683
1653730530878,-1626508584,night1,-5681,-5681
1653730530878,-1626608584,night1,-5687,-5687
1653730530878,-1626708584,night1,-5688,-5688
1653730530878,-1626808584,night1,-5691,-5691
1653730531340,-1625908584,night1,-5692,-5692
1653730531340,-1626008584,night1,-5681,-5681
1653730531340,-1626108584,night1,-5682,-5682
1653730531340,-1626208584,night1,-5697,-5697
1653730531340,-1626308584,night1,-5698,-5698
1653730531836,-1625408584,night1,-5699,-5699
1653730531836,-1625508584,night1,-5696,-5696
1653730531836,-1625608584,night1,-5701,-5701
1653730531836,-1625708584,night1,-5705,-5705
1653730531836,-1625808584,night1,-5706,-5706
1653730532321,-1624908578,night1,-5707,-5707
1653730532321,-1625008578,night1,-5699,-5699
1653730532321,-1625108578,night1,-5705,-5705
1653730532321,-1625208578,night1,-5706,-5706
1653730532321,-1625308578,night1,-5698,-5698
1653730532822,-1624408575,night1,-5695,-5695
1653730532822,-1624508575,night1,-5678,-5678
1653730532822,-1624608575,night1,-5675,-5675
1653730532822,-1624708575,night1,-5672,-5672
1653730532822,-1624808575,night1,-5659,-5659
1653730533335,-1623908578,night1,-5651,-5651
1653730533335,-1624008578,night1,-5631,-5631
1653730533335,-1624108578,night1,-5629,-5629
1653730533335,-1624208578,night1,-5620,-5620
1653730533335,-1624308578,night1,-5618,-5618
1653730533803,-1623408616,night1,-5614,-5614
1653730533803,-1623508616,night1,-5605,-5605
1653730533803,-1623608616,night1,-5592,-5592
1653730533803,-1623708616,night1,-5593,-5593
1653730533803,-1623808616,night1,-5594,-5594
1653730534295,-1622908575,night1,-5586,-5586
1653730534295,-1623008575,night1,-5585,-5585
1653730534295,-1623108575,night1,-5589,-5589
1653730534295,-1623208575,night1,-5588,-5588
1653730534295,-1623308575,night1,-5582,-5582
1653730534788,-1622408583,night1,-5584,-5584
1653730534788,-1622508583,night1,-5577,-5577
1653730534788,-1622608583,night1,-5580,-5580
1653730534788,-1622708583,night1,-5584,-5584
1653730534788,-1622808583,night1,-5581,-5581
1653730535279,-1621908626,night1,-5583,-5583
1653730535279,-1622008626,night1,-5579,-5579
1653730535279,-1622108626,night1,-5570,-5570
1653730535279,-1622208626,night1,-5574,-5574
1653730535279,-1622308626,night1,-5582,-5582
1653730535760,-1621408593,night1,-5579,-5579
1653730535760,-1621508593,night1,-5570,-5570
1653730535760,-1621608593,night1,-5576,-5576
1653730535760,-1621708593,night1,-5576,-5576
1653730535760,-1621808593,night1,-5580,-5580
1653730536243,-1620908553,night1,-5582,-5582
1653730536243,-1621008553,night1,-5577,-5577
1653730536243,-1621108553,night1,-5583,-5583
1653730536243,-1621208553,night1,-5589,-5589
1653730536243,-1621308553,night1,-5591,-5591
1653730536732,-1620408598,night1,-5595,-5595
1653730536732,-1620508598,night1,-5593,-5593
1653730536732,-1620608598,night1,-5606,-5606
1653730536732,-1620708598,night1,-5621,-5621
1653730536732,-1620808598,night1,-5632,-5632
1653730537226,-1619908575,night1,-5632,-5632
1653730537226,-1620008575,night1,-5633,-5633
1653730537226,-1620108575,night1,-5640,-5640
1653730537226,-1620208575,night1,-5645,-5645
1653730537226,-1620308575,night1,-5648,-5648
1653730537737,-1619408575,night1,-5652,-5652
1653730537737,-1619508575,night1,-5648,-5648
1653730537737,-1619608575,night1,-5652,-5652
1653730537737,-1619708575,night1,-5653,-5653
1653730537737,-1619808575,night1,-5652,-5652
1653730538204,-1618908584,night1,-5633,-5633
1653730538204,-1619008584,night1,-5622,-5622
1653730538204,-1619108584,night1,-5632,-5632
1653730538204,-1619208584,night1,-5632,-5632
1653730538204,-1619308584,night1,-5633,-5633
1653730538699,-1618408567,night1,-5634,-5634
1653730538699,-1618508567,night1,-5624,-5624
1653730538699,-1618608567,night1,-5630,-5630
1653730538699,-1618708567,night1,-5634,-5634
1653730538699,-1618808567,night1,-5637,-5637
1653730539193,-1617908575,night1,-5637,-5637
1653730539193,-1618008575,night1,-5642,-5642
1653730539193,-1618108575,night1,-5647,-5647
1653730539193,-1618208575,night1,-5655,-5655
1653730539193,-1618308575,night1,-5658,-5658
1653730539683,-1617408575,night1,-5659,-5659
1653730539683,-1617508575,night1,-5651,-5651
1653730539683,-1617608575,night1,-5647,-5647
1653730539683,-1617708575,night1,-5654,-5654
1653730539683,-1617808575,night1,-5658,-5658
1653730540195,-1616908575,night1,-5661,-5661
1653730540195,-1617008575,night1,-5659,-5659
1653730540195,-1617108575,night1,-5660,-5660
1653730540195,-1617208575,night1,-5664,-5664
1653730540195,-1617308575,night1,-5666,-5666
1653730540662,-1616408584,night1,-5665,-5665
1653730540662,-1616508584,night1,-5657,-5657
1653730540662,-1616608584,night1,-5663,-5663
1653730540662,-1616708584,night1,-5668,-5668
1653730540662,-1616808584,night1,-5669,-5669
1653730541155,-1615908547,night1,-5671,-5671
1653730541155,-1616008547,night1,-5666,-5666
1653730541155,-1616108547,night1,-5671,-5671
1653730541155,-1616208547,night1,-5673,-5673
1653730541155,-1616308547,night1,-5674,-5674
1653730541643,-1615408584,night1,-5674,-5674
1653730541643,-1615508584,night1,-5672,-5672
1653730541643,-1615608584,night1,-5672,-5672
1653730541643,-1615708584,night1,-5671,-5671
1653730541643,-1615808584,night1,-5670,-5670
1653730542140,-1614908584,night1,-5668,-5668
1653730542140,-1615008584,night1,-5654,-5654
1653730542140,-1615108584,night1,-5654,-5654
1653730542140,-1615208584,night1,-5655,-5655
1653730542140,-1615308584,night1,-5655,-5655
1653730542652,-1614408570,night1,-5658,-5658
1653730542652,-1614508570,night1,-5656,-5656
1653730542652,-1614608570,night1,-5660,-5660
1653730542652,-1614708570,night1,-5660,-5660
1653730542652,-1614808570,night1,-5658,-5658
1653730543120,-1613908584,night1,-5654,-5654
1653730543120,-1614008584,night1,-5646,-5646
1653730543120,-1614108584,night1,-5650,-5650
1653730543120,-1614208584,night1,-5649,-5649
1653730543120,-1614308584,night1,-5640,-5640
1653730543612,-1613402457,night1,-5653,-5653
1653730543612,-1613502457,night1,-5655,-5655
1653730543612,-1613602457,night1,-5656,-5656
1653730543612,-1613702457,night1,-5645,-5645
1653730543612,-1613802457,night1,-5643,-5643
1653730544116,-1612908584,night1,-5639,-5639
1653730544116,-1613008584,night1,-5640,-5640
1653730544116,-1613108584,night1,-5647,-5647
1653730544116,-1613208584,night1,-5647,-5647
1653730544116,-1613308584,night1,-5650,-5650
1653730544599,-1612408575,night1,-5651,-5651
1653730544599,-1612508575,night1,-5647,-5647
1653730544599,-1612608575,night1,-5649,-5649
1653730544599,-1612708575,night1,-5652,-5652
1653730544599,-1612808575,night1,-5638,-5638
1653730545109,-1611908575,night1,-5638,-5638
1653730545109,-1612008575,night1,-5627,-5627
1653730545109,-1612108575,night1,-5624,-5624
1653730545109,-1612208575,night1,-5623,-5623
1653730545109,-1612308575,night1,-5619,-5619
1653730545582,-1611408578,night1,-5606,-5606
1653730545582,-1611508578,night1,-5591,-5591
1653730545582,-1611608578,night1,-5585,-5585
1653730545582,-1611708578,night1,-5578,-5578
1653730545582,-1611808578,night1,-5564,-5564
1653730546069,-1610908567,night1,-5556,-5556
1653730546069,-1611008567,night1,-5546,-5546
1653730546069,-1611108567,night1,-5535,-5535
1653730546069,-1611208567,night1,-5528,-5528
1653730546069,-1611308567,night1,-5512,-5512
1653730546557,-1610408575,night1,-5504,-5504
1653730546557,-1610508575,night1,-5490,-5490
1653730546557,-1610608575,night1,-5488,-5488
1653730546557,-1610708575,night1,-5476,-5476
1653730546557,-1610808575,night1,-5474,-5474
1653730547056,-1609908575,night1,-5471,-5471
1653730547056,-1610008575,night1,-5460,-5460
1653730547056,-1610108575,night1,-5461,-5461
1653730547056,-1610208575,night1,-5460,-5460
1653730547056,-1610308575,night1,-5452,-5452
1653730547567,-1609408577,night1,-5447,-5447
1653730547567,-1609508577,night1,-5434,-5434
1653730547567,-1609608577,night1,-5431,-5431
1653730547567,-1609708577,night1,-5433,-5433
1653730547567,-1609808577,night1,-5437,-5437
1653730548035,-1608908575,night1,-5438,-5438
1653730548035,-1609008575,night1,-5425,-5425
1653730548035,-1609108575,night1,-5430,-5430
1653730548035,-1609208575,night1,-5429,-5429
1653730548035,-1609308575,night1,-5428,-5428
1653730548517,-1608408584,night1,-5423,-5423
1653730548517,-1608508584,night1,-5414,-5414
1653730548517,-1608608584,night1,-5404,-5404
1653730548517,-1608708584,night1,-5402,-5402
1653730548517,-1608808584,night1,-5396,-5396
1653730549005,-1607908571,night1,-5390,-5390
1653730549005,-1608008571,night1,-5380,-5380
1653730549005,-1608108571,night1,-5341,-5341
1653730549005,-1608208571,night1,-5334,-5334
1653730549005,-1608308571,night1,-5330,-5330
1653730549514,-1607408578,night1,-5330,-5330
1653730549514,-1607508578,night1,-5322,-5322
1653730549514,-1607608578,night1,-5321,-5321
1653730549514,-1607708578,night1,-5326,-5326
1653730549514,-1607808578,night1,-5323,-5323
1653730549989,-1606908558,night1,-5324,-5324
1653730549989,-1607008558,night1,-5313,-5313
1653730549989,-1607108558,night1,-5314,-5314
1653730549989,-1607208558,night1,-5311,-5311
1653730549989,-1607308558,night1,-5315,-5315
1653730550481,-1606408616,night1,-5316,-5316
1653730550481,-1606508616,night1,-5312,-5312
1653730550481,-1606608616,night1,-5303,-5303
1653730550481,-1606708616,night1,-5302,-5302
1653730550481,-1606808616,night1,-5302,-5302
1653730550972,-1605908570,night1,-5301,-5301
1653730550972,-1606008570,night1,-5304,-5304
1653730550972,-1606108570,night1,-5310,-5310
1653730550972,-1606208570,night1,-5318,-5318
1653730550972,-1606308570,night1,-5320,-5320
1653730551471,-1605408575,night1,-5324,-5324
1653730551471,-1605508575,night1,-5322,-5322
1653730551471,-1605608575,night1,-5321,-5321
1653730551471,-1605708575,night1,-5334,-5334
1653730551471,-1605808575,night1,-5344,-5344
1653730551974,-1604908575,night1,-5359,-5359
1653730551974,-1605008575,night1,-5358,-5358
1653730551974,-1605108575,night1,-5358,-5358
1653730551974,-1605208575,night1,-5364,-5364
1653730551974,-1605308575,night1,-5372,-5372
1653730552492,-1604408624,night1,-5375,-5375
1653730552492,-1604508624,night1,-5369,-5369
1653730552492,-1604608624,night1,-5376,-5376
1653730552492,-1604708624,night1,-5384,-5384
1653730552492,-1604808624,night1,-5386,-5386
1653730552932,-1603908575,night1,-5376,-5376
1653730552932,-1604008575,night1,-5381,-5381
1653730552932,-1604108575,night1,-5386,-5386
1653730552932,-1604208575,night1,-5400,-5400
1653730552932,-1604308575,night1,-5401,-5401
1653730553419,-1603406968,night1,-5405,-5405
1653730553419,-1603506968,night1,-5402,-5402
1653730553419,-1603606968,night1,-5409,-5409
1653730553419,-1603706968,night1,-5411,-5411
1653730553419,-1603806968,night1,-5412,-5412
1653730553920,-1602908573,night1,-5410,-5410
1653730553920,-1603008573,night1,-5411,-5411
1653730553920,-1603108573,night1,-5418,-5418
1653730553920,-1603208573,night1,-5420,-5420
1653730553920,-1603308573,night1,-5423,-5423
1653730554397,-1602408575,night1,-5425,-5425
1653730554397,-1602508575,night1,-5421,-5421
1653730554397,-1602608575,night1,-5416,-5416
1653730554397,-1602708575,night1,-5428,-5428
1653730554397,-1602808575,night1,-5428,-5428
1653730554884,-1601908553,night1,-5429,-5429
1653730554884,-1602008553,night1,-5424,-5424
1653730554884,-1602108553,night1,-5428,-5428
1653730554884,-1602208553,night1,-5429,-5429
1653730554884,-1602308553,night1,-5430,-5430
1653730555371,-1601408578,night1,-5429,-5429
1653730555371,-1601508578,night1,-5424,-5424
1653730555371,-1601608578,night1,-5429,-5429
1653730555371,-1601708578,night1,-5430,-5430
1653730555371,-1601808578,night1,-5428,-5428
1653730555866,-1600908616,night1,-5428,-5428
1653730555866,-1601008616,night1,-5417,-5417
1653730555866,-1601108616,night1,-5419,-5419
1653730555866,-1601208616,night1,-5425,-5425
1653730555866,-1601308616,night1,-5426,-5426
1653730556379,-1600408578,night1,-5429,-5429
1653730556379,-1600508578,night1,-5425,-5425
1653730556379,-1600608578,night1,-5430,-5430
1653730556379,-1600708578,night1,-5434,-5434
1653730556379,-1600808578,night1,-5438,-5438
1653730556843,-1599908565,night1,-5441,-5441
1653730556843,-1600008565,night1,-5439,-5439
1653730556843,-1600108565,night1,-5434,-5434
1653730556843,-1600208565,night1,-5446,-5446
1653730556843,-1600308565,night1,-5448,-5448
1653730557337,-1599408569,night1,-5452,-5452
1653730557337,-1599508569,night1,-5452,-5452
1653730557337,-1599608569,night1,-5458,-5458
1653730557337,-1599708569,night1,-5462,-5462
1653730557337,-1599808569,night1,-5464,-5464
1653730557829,-1598908578,night1,-5465,-5465
1653730557829,-1599008578,night1,-5464,-5464
1653730557829,-1599108578,night1,-5474,-5474
1653730557829,-1599208578,night1,-5487,-5487
1653730557829,-1599308578,night1,-5491,-5491
1653730558324,-1598408616,night1,-5505,-5505
1653730558324,-1598508616,night1,-5502,-5502
1653730558324,-1598608616,night1,-5502,-5502
1653730558324,-1598708616,night1,-5509,-5509
1653730558324,-1598808616,night1,-5512,-5512
1653730558836,-1597908584,night1,-5512,-5512
1653730558836,-1598008584,night1,-5507,-5507
1653730558836,-1598108584,night1,-5515,-5515
1653730558836,-1598208584,night1,-5516,-5516
1653730558836,-1598308584,night1,-5519,-5519
1653730559300,-1597408575,night1,-5520,-5520
1653730559300,-1597508575,night1,-5512,-5512
1653730559300,-1597608575,night1,-5511,-5511
1653730559300,-1597708575,night1,-5519,-5519
1653730559300,-1597808575,night1,-5525,-5525
1653730559792,-1596908603,night1,-5527,-5527
1653730559792,-1597008603,night1,-5524,-5524
1653730559792,-1597108603,night1,-5528,-5528
1653730559792,-1597208603,night1,-5529,-5529
1653730559792,-1597308603,night1,-5532,-5532
1653730560276,-1596408578,night1,-5528,-5528
1653730560276,-1596508578,night1,-5528,-5528
1653730560276,-1596608578,night1,-5534,-5534
1653730560276,-1596708578,night1,-5539,-5539
1653730560276,-1596808578,night1,-5539,-5539
1653730560785,-1595908575,night1,-5542,-5542
1653730560785,-1596008575,night1,-5536,-5536
1653730560785,-1596108575,night1,-5537,-5537
1653730560785,-1596208575,night1,-5540,-5540
1653730560785,-1596308575,night1,-5546,-5546
1653730561255,-1595408578,night1,-5547,-5547
1653730561255,-1595508578,night1,-5541,-5541
1653730561255,-1595608578,night1,-5562,-5562
1653730561255,-1595708578,night1,-5562,-5562
1653730561255,-1595808578,night1,-5551,-5551
1653730561747,-1594908547,night1,-5547,-5547
1653730561747,-1595008547,night1,-5538,-5538
1653730561747,-1595108547,night1,-5548,-5548
1653730561747,-1595208547,night1,-5562,-5562
1653730561747,-1595308547,night1,-5574,-5574
1653730562233,-1594408584,night1,-5574,-5574
1653730562233,-1594508584,night1,-5567,-5567
1653730562233,-1594608584,night1,-5565,-5565
1653730562233,-1594708584,night1,-5557,-5557
1653730562233,-1594808584,night1,-5556,-5556
1653730562727,-1593908578,night1,-5554,-5554
1653730562727,-1594008578,night1,-5545,-5545
1653730562727,-1594108578,night1,-5553,-5553
1653730562727,-1594208578,night1,-5556,-5556
1653730562727,-1594308578,night1,-5555,-5555
1653730563238,-1593408563,night1,-5559,-5559
1653730563238,-1593508563,night1,-5555,-5555
1653730563238,-1593608563,night1,-5557,-5557
1653730563238,-1593708563,night1,-5559,-5559
1653730563238,-1593808563,night1,-5559,-5559
1653730563704,-1592908624,night1,-5555,-5555
1653730563704,-1593008624,night1,-5541,-5541
1653730563704,-1593108624,night1,-5542,-5542
1653730563704,-1593208624,night1,-5552,-5552
1653730563704,-1593308624,night1,-5555,-5555
1653730564194,-1592408567,night1,-5557,-5557
1653730564194,-1592508567,night1,-5551,-5551
1653730564194,-1592608567,night1,-5549,-5549
1653730564194,-1592708567,night1,-5555,-5555
1653730564194,-1592808567,night1,-5558,-5558
1653730564684,-1591908577,night1,-5559,-5559
1653730564684,-1592008577,night1,-5557,-5557
1653730564684,-1592108577,night1,-5559,-5559
1653730564684,-1592208577,night1,-5559,-5559
1653730564684,-1592308577,night1,-5563,-5563
1653730565194,-1591408578,night1,-5563,-5563
1653730565194,-1591508578,night1,-5553,-5553
1653730565194,-1591608578,night1,-5556,-5556
1653730565194,-1591708578,night1,-5567,-5567
1653730565194,-1591808578,night1,-5566,-5566
1653730565696,-1590908577,night1,-5569,-5569
1653730565696,-1591008577,night1,-5563,-5563
1653730565696,-1591108577,night1,-5570,-5570
1653730565696,-1591208577,night1,-5573,-5573
1653730565696,-1591308577,night1,-5574,-5574
1653730566157,-1590408607,night1,-5574,-5574
1653730566157,-1590508607,night1,-5567,-5567
1653730566157,-1590608607,night1,-5575,-5575
1653730566157,-1590708607,night1,-5578,-5578
1653730566157,-1590808607,night1,-5579,-5579
1653730566644,-1589908573,night1,-5580,-5580
1653730566644,-1590008573,night1,-5572,-5572
1653730566644,-1590108573,night1,-5576,-5576
1653730566644,-1590208573,night1,-5578,-5578
1653730566644,-1590308573,night1,-5577,-5577
1653730567133,-1589408576,night1,-5573,-5573
1653730567133,-1589508576,night1,-5565,-5565
1653730567133,-1589608576,night1,-5561,-5561
1653730567133,-1589708576,night1,-5564,-5564
1653730567133,-1589808576,night1,-5567,-5567
1653730567642,-1588908623,night1,-5565,-5565
1653730567642,-1589008623,night1,-5559,-5559
1653730567642,-1589108623,night1,-5562,-5562
1653730567642,-1589208623,night1,-5562,-5562
1653730567642,-1589308623,night1,-5552,-5552
1653730568153,-1588408603,night1,-5554,-5554
1653730568153,-1588508603,night1,-5553,-5553
1653730568153,-1588608603,night1,-5557,-5557
1653730568153,-1588708603,night1,-5560,-5560
1653730568153,-1588808603,night1,-5559,-5559
1653730568609,-1587908562,night1,-5552,-5552
1653730568609,-1588008562,night1,-5542,-5542
1653730568609,-1588108562,night1,-5544,-5544
1653730568609,-1588208562,night1,-5547,-5547
1653730568609,-1588308562,night1,-5544,-5544
1653730569103,-1587408616,night1,-5540,-5540
1653730569103,-1587508616,night1,-5533,-5533
1653730569103,-1587608616,night1,-5524,-5524
1653730569103,-1587708616,night1,-5529,-5529
1653730569103,-1587808616,night1,-5527,-5527
1653730569594,-1586908569,night1,-5519,-5519
1653730569594,-1587008569,night1,-5513,-5513
1653730569594,-1587108569,night1,-5518,-5518
1653730569594,-1587208569,night1,-5519,-5519
1653730569594,-1587308569,night1,-5520,-5520
1653730570101,-1586408584,night1,-5518,-5518
1653730570101,-1586508584,night1,-5510,-5510
1653730570101,-1586608584,night1,-5503,-5503
1653730570101,-1586708584,night1,-5515,-5515
1653730570101,-1586808584,night1,-5513,-5513
1653730570571,-1585908576,night1,-5514,-5514
1653730570571,-1586008576,night1,-5510,-5510
1653730570571,-1586108576,night1,-5512,-5512
1653730570571,-1586208576,night1,-5514,-5514
1653730570571,-1586308576,night1,-5516,-5516
1653730571058,-1585408575,night1,-5514,-5514
1653730571058,-1585508575,night1,-5509,-5509
1653730571058,-1585608575,night1,-5514,-5514
1653730571058,-1585708575,night1,-5516,-5516
1653730571058,-1585808575,night1,-5515,-5515
1653730571550,-1584908551,night1,-5516,-5516
1653730571550,-1585008551,night1,-5509,-5509
1653730571550,-1585108551,night1,-5511,-5511
1653730571550,-1585208551,night1,-5516,-5516
1653730571550,-1585308551,night1,-5516,-5516
1653730572049,-1584408579,night1,-5516,-5516
1653730572049,-1584508579,night1,-5512,-5512
1653730572049,-1584608579,night1,-5516,-5516
1653730572049,-1584708579,night1,-5518,-5518
1653730572049,-1584808579,night1,-5523,-5523
1653730572556,-1583908585,night1,-5524,-5524
1653730572556,-1584008585,night1,-5516,-5516
1653730572556,-1584108585,night1,-5520,-5520
1653730572556,-1584208585,night1,-5527,-5527
1653730572556,-1584308585,night1,-5529,-5529
1653730573021,-1583408583,night1,-5532,-5532
1653730573021,-1583508583,night1,-5522,-5522
1653730573021,-1583608583,night1,-5531,-5531
1653730573021,-1583708583,night1,-5540,-5540
1653730573021,-1583808583,night1,-5541,-5541
1653730573513,-1582908584,night1,-5542,-5542
1653730573513,-1583008584,night1,-5540,-5540
1653730573513,-1583108584,night1,-5548,-5548
1653730573513,-1583208584,night1,-5550,-5550
1653730573513,-1583308584,night1,-5553,-5553
1653730574008,-1582408575,night1,-5556,-5556
1653730574008,-1582508575,night1,-5548,-5548
1653730574008,-1582608575,night1,-5556,-5556
1653730574008,-1582708575,night1,-5560,-5560
1653730574008,-1582808575,night1,-5564,-5564
1653730574503,-1581908527,night1,-5563,-5563
1653730574503,-1582008527,night1,-5558,-5558
1653730574503,-1582108527,night1,-5558,-5558
1653730574503,-1582208527,night1,-5569,-5569
1653730574503,-1582308527,night1,-5572,-5572
1653730575017,-1581408575,night1,-5575,-5575
1653730575017,-1581508575,night1,-5570,-5570
1653730575017,-1581608575,night1,-5571,-5571
1653730575017,-1581708575,night1,-5578,-5578
1653730575017,-1581808575,night1,-5579,-5579
1653730575479,-1580908584,night1,-5581,-5581
1653730575479,-1581008584,night1,-5572,-5572
1653730575479,-1581108584,night1,-5580,-5580
1653730575479,-1581208584,night1,-5584,-5584
1653730575479,-1581308584,night1,-5587,-5587
1653730575970,-1580408578,night1,-5588,-5588
1653730575970,-1580508578,night1,-5582,-5582
1653730575970,-1580608578,night1,-5587,-5587
1653730575970,-1580708578,night1,-5589,-5589
1653730575970,-1580808578,night1,-5589,-5589
1653730576459,-1579908578,night1,-5592,-5592
1653730576459,-1580008578,night1,-5588,-5588
1653730576459,-1580108578,night1,-5592,-5592
1653730576459,-1580208578,night1,-5594,-5594
1653730576459,-1580308578,night1,-5594,-5594
1653730576960,-1579408578,night1,-5593,-5593
1653730576960,-1579508578,night1,-5590,-5590
1653730576960,-1579608578,night1,-5596,-5596
1653730576960,-1579708578,night1,-5595,-5595
1653730576960,-1579808578,night1,-5597,-5597
1653730577435,-1578908584,night1,-5598,-5598
1653730577435,-1579008584,night1,-5592,-5592
1653730577435,-1579108584,night1,-5585,-5585
1653730577435,-1579208584,night1,-5601,-5601
1653730577435,-1579308584,night1,-5599,-5599
1653730577921,-1578408577,night1,-5599,-5599
1653730577921,-1578508577,night1,-5591,-5591
1653730577921,-1578608577,night1,-5586,-5586
1653730577921,-1578708577,night1,-5581,-5581
1653730577921,-1578808577,night1,-5574,-5574
1653730578411,-1577908575,night1,-5556,-5556
1653730578411,-1578008575,night1,-5542,-5542
1653730578411,-1578108575,night1,-5532,-5532
1653730578411,-1578208575,night1,-5527,-5527
1653730578411,-1578308575,night1,-5513,-5513
1653730578909,-1577408616,night1,-5508,-5508
1653730578909,-1577508616,night1,-5485,-5485
1653730578909,-1577608616,night1,-5484,-5484
1653730578909,-1577708616,night1,-5487,-5487
1653730578909,-1577808616,night1,-5481,-5481
1653730579418,-1576908575,night1,-5467,-5467
1653730579418,-1577008575,night1,-5459,-5459
1653730579418,-1577108575,night1,-5461,-5461
1653730579418,-1577208575,night1,-5462,-5462
1653730579418,-1577308575,night1,-5465,-5465
1653730579887,-1576408584,night1,-5466,-5466
1653730579887,-1576508584,night1,-5464,-5464
1653730579887,-1576608584,night1,-5462,-5462
1653730579887,-1576708584,night1,-5472,-5472
1653730579887,-1576808584,night1,-5475,-5475
1653730580376,-1575908577,night1,-5478,-5478
1653730580376,-1576008577,night1,-5477,-5477
1653730580376,-1576108577,night1,-5485,-5485
1653730580376,-1576208577,night1,-5493,-5493
1653730580376,-1576308577,night1,-5496,-5496
1653730580868,-1575408578,night1,-5498,-5498
1653730580868,-1575508578,night1,-5494,-5494
1653730580868,-1575608578,night1,-5498,-5498
1653730580868,-1575708578,night1,-5504,-5504
1653730580868,-1575808578,night1,-5502,-5502
1653730581364,-1574908616,night1,-5506,-5506
1653730581364,-1575008616,night1,-5501,-5501
1653730581364,-1575108616,night1,-5495,-5495
1653730581364,-1575208616,night1,-5498,-5498
1653730581364,-1575308616,night1,-5492,-5492
1653730581878,-1574408607,night1,-5487,-5487
1653730581878,-1574508607,night1,-5477,-5477
1653730581878,-1574608607,night1,-5478,-5478
1653730581878,-1574708607,night1,-5471,-5471
1653730581878,-1574808607,night1,-5470,-5470
1653730582346,-1573908539,night1,-5465,-5465
1653730582346,-1574008539,night1,-5453,-5453
1653730582346,-1574108539,night1,-5441,-5441
1653730582346,-1574208539,night1,-5432,-5432
1653730582346,-1574308539,night1,-5439,-5439
1653730582834,-1573408626,night1,-5447,-5447
1653730582834,-1573508626,night1,-5445,-5445
1653730582834,-1573608626,night1,-5449,-5449
1653730582834,-1573708626,night1,-5451,-5451
1653730582834,-1573808626,night1,-5455,-5455
1653730583326,-1572908575,night1,-5456,-5456
1653730583326,-1573008575,night1,-5453,-5453
1653730583326,-1573108575,night1,-5456,-5456
1653730583326,-1573208575,night1,-5465,-5465
1653730583326,-1573308575,night1,-5466,-5466
1653730583822,-1572407075,night1,-5474,-5474
1653730583822,-1572507075,night1,-5472,-5472
1653730583822,-1572607075,night1,-5481,-5481
1653730583822,-1572707075,night1,-5487,-5487
1653730583822,-1572807075,night1,-5490,-5490
1653730584339,-1571908575,night1,-5488,-5488
1653730584339,-1572008575,night1,-5490,-5490
1653730584339,-1572108575,night1,-5502,-5502
1653730584339,-1572208575,night1,-5505,-5505
1653730584339,-1572308575,night1,-5510,-5510
1653730584807,-1571408580,night1,-5512,-5512
1653730584807,-1571508580,night1,-5508,-5508
1653730584807,-1571608580,night1,-5506,-5506
1653730584807,-1571708580,night1,-5522,-5522
1653730584807,-1571808580,night1,-5524,-5524
1653730585296,-1570908575,night1,-5529,-5529
1653730585296,-1571008575,night1,-5525,-5525
1653730585296,-1571108575,night1,-5532,-5532
1653730585296,-1571208575,night1,-5534,-5534
1653730585296,-1571308575,night1,-5538,-5538
1653730585788,-1570408631,night1,-5539,-5539
1653730585788,-1570508631,night1,-5535,-5535
1653730585788,-1570608631,night1,-5543,-5543
1653730585788,-1570708631,night1,-5546,-5546
1653730585788,-1570808631,night1,-5547,-5547
1653730586278,-1569906707,night1,-5549,-5549
1653730586278,-1570006707,night1,-5542,-5542
1653730586278,-1570106707,night1,-5545,-5545
1653730586278,-1570206707,night1,-5558,-5558
1653730586278,-1570306707,night1,-5558,-5558
1653730586790,-1569408575,night1,-5557,-5557
1653730586790,-1569508575,night1,-5554,-5554
1653730586790,-1569608575,night1,-5559,-5559
1653730586790,-1569708575,night1,-5557,-5557
1653730586790,-1569808575,night1,-5558,-5558
1653730587261,-1568908578,night1,-5559,-5559
1653730587261,-1569008578,night1,-5553,-5553
1653730587261,-1569108578,night1,-5547,-5547
1653730587261,-1569208578,night1,-5558,-5558
1653730587261,-1569308578,night1,-5559,-5559
1653730587750,-1568408578,night1,-5560,-5560
1653730587750,-1568508578,night1,-5556,-5556
1653730587750,-1568608578,night1,-5562,-5562
1653730587750,-1568708578,night1,-5565,-5565
1653730587750,-1568808578,night1,-5566,-5566
1653730588241,-1567908575,night1,-5566,-5566
1653730588241,-1568008575,night1,-5561,-5561
1653730588241,-1568108575,night1,-5570,-5570
1653730588241,-1568208575,night1,-5571,-5571
1653730588241,-1568308575,night1,-5570,-5570
1653730588741,-1567408616,night1,-5576,-5576
1653730588741,-1567508616,night1,-5574,-5574
1653730588741,-1567608616,night1,-5573,-5573
1653730588741,-1567708616,night1,-5579,-5579
1653730588741,-1567808616,night1,-5582,-5582
1653730589249,-1566908578,night1,-5582,-5582
1653730589249,-1567008578,night1,-5579,-5579
1653730589249,-1567108578,night1,-5585,-5585
1653730589249,-1567208578,night1,-5588,-5588
1653730589249,-1567308578,night1,-5591,-5591
1653730589719,-1566408616,night1,-5594,-5594
1653730589719,-1566508616,night1,-5584,-5584
1653730589719,-1566608616,night1,-5591,-5591
1653730589719,-1566708616,night1,-5591,-5591
1653730589719,-1566808616,night1,-5596,-5596
1653730590210,-1565908578,night1,-5594,-5594
1653730590210,-1566008578,night1,-5598,-5598
1653730590210,-1566108578,night1,-5604,-5604
1653730590210,-1566208578,night1,-5604,-5604
1653730590210,-1566308578,night1,-5606,-5606
1653730590700,-1565408575,night1,-5605,-5605
1653730590700,-1565508575,night1,-5596,-5596
1653730590700,-1565608575,night1,-5602,-5602
1653730590700,-1565708575,night1,-5602,-5602
1653730590700,-1565808575,night1,-5603,-5603
1653730591194,-1564908616,night1,-5606,-5606
1653730591194,-1565008616,night1,-5599,-5599
1653730591194,-1565108616,night1,-5601,-5601
1653730591194,-1565208616,night1,-5604,-5604
1653730591194,-1565308616,night1,-5605,-5605
1653730591706,-1564408574,night1,-5602,-5602
1653730591706,-1564508574,night1,-5602,-5602
1653730591706,-1564608574,night1,-5606,-5606
1653730591706,-1564708574,night1,-5607,-5607
1653730591706,-1564808574,night1,-5610,-5610
1653730592176,-1563908578,night1,-5610,-5610
1653730592176,-1564008578,night1,-5600,-5600
1653730592176,-1564108578,night1,-5598,-5598
1653730592176,-1564208578,night1,-5613,-5613
1653730592176,-1564308578,night1,-5614,-5614
1653730592664,-1563408575,night1,-5618,-5618
1653730592664,-1563508575,night1,-5613,-5613
1653730592664,-1563608575,night1,-5618,-5618
1653730592664,-1563708575,night1,-5621,-5621
1653730592664,-1563808575,night1,-5624,-5624
1653730593158,-1562908578,night1,-5624,-5624
1653730593158,-1563008578,night1,-5620,-5620
1653730593158,-1563108578,night1,-5626,-5626
1653730593158,-1563208578,night1,-5628,-5628
1653730593158,-1563308578,night1,-5628,-5628
1653730593651,-1562408616,night1,-5630,-5630
1653730593651,-1562508616,night1,-5620,-5620
1653730593651,-1562608616,night1,-5619,-5619
1653730593651,-1562708616,night1,-5631,-5631
1653730593651,-1562808616,night1,-5631,-5631
1653730594164,-1561908574,night1,-5629,-5629
1653730594164,-1562008574,night1,-5626,-5626
1653730594164,-1562108574,night1,-5631,-5631
1653730594164,-1562208574,night1,-5629,-5629
1653730594164,-1562308574,night1,-5631,-5631
1653730594633,-1561408590,night1,-5632,-5632
1653730594633,-1561508590,night1,-5622,-5622
1653730594633,-1561608590,night1,-5618,-5618
1653730594633,-1561708590,night1,-5631,-5631
1653730594633,-1561808590,night1,-5633,-5633
1653730595122,-1560908577,night1,-5635,-5635
1653730595122,-1561008577,night1,-5631,-5631
1653730595122,-1561108577,night1,-5637,-5637
1653730595122,-1561208577,night1,-5639,-5639
1653730595122,-1561308577,night1,-5640,-5640
1653730595616,-1560408633,night1,-5641,-5641
1653730595616,-1560508633,night1,-5635,-5635
1653730595616,-1560608633,night1,-5643,-5643
1653730595616,-1560708633,night1,-5645,-5645
1653730595616,-1560808633,night1,-5646,-5646
1653730596113,-1559908616,night1,-5647,-5647
1653730596113,-1560008616,night1,-5644,-5644
1653730596113,-1560108616,night1,-5641,-5641
1653730596113,-1560208616,night1,-5648,-5648
1653730596113,-1560308616,night1,-5651,-5651
1653730596620,-1559408616,night1,-5650,-5650
1653730596620,-1559508616,night1,-5646,-5646
1653730596620,-1559608616,night1,-5651,-5651
1653730596620,-1559708616,night1,-5652,-5652
1653730596620,-1559808616,night1,-5655,-5655
1653730597087,-1558908624,night1,-5642,-5642
1653730597087,-1559008624,night1,-5646,-5646
1653730597087,-1559108624,night1,-5648,-5648
1653730597087,-1559208624,night1,-5656,-5656
1653730597087,-1559308624,night1,-5656,-5656
1653730597576,-1558408576,night1,-5656,-5656
1653730597576,-1558508576,night1,-5652,-5652
1653730597576,-1558608576,night1,-5652,-5652
1653730597576,-1558708576,night1,-5649,-5649
1653730597576,-1558808576,night1,-5646,-5646
1653730598066,-1557908578,night1,-5643,-5643
1653730598066,-1558008578,night1,-5625,-5625
1653730598066,-1558108578,night1,-5627,-5627
1653730598066,-1558208578,night1,-5624,-5624
1653730598066,-1558308578,night1,-5617,-5617
1653730598567,-1557408616,night1,-5613,-5613
1653730598567,-1557508616,night1,-5603,-5603
1653730598567,-1557608616,night1,-5602,-5602
1653730598567,-1557708616,night1,-5600,-5600
1653730598567,-1557808616,night1,-5598,-5598
1653730599079,-1556908578,night1,-5591,-5591
1653730599079,-1557008578,night1,-5587,-5587
1653730599079,-1557108578,night1,-5588,-5588
1653730599079,-1557208578,night1,-5586,-5586
1653730599079,-1557308578,night1,-5586,-5586
1653730599539,-1556408578,night1,-5585,-5585
1653730599539,-1556508578,night1,-5574,-5574
1653730599539,-1556608578,night1,-5569,-5569
1653730599539,-1556708578,night1,-5580,-5580
1653730599539,-1556808578,night1,-5580,-5580
1653730600033,-1555908583,night1,-5581,-5581
1653730600033,-1556008583,night1,-5577,-5577
1653730600033,-1556108583,night1,-5583,-5583
1653730600033,-1556208583,night1,-5586,-5586
1653730600033,-1556308583,night1,-5589,-5589
1653730600522,-1555408550,night1,-5592,-5592
1653730600522,-1555508550,night1,-5588,-5588
1653730600522,-1555608550,night1,-5594,-5594
1653730600522,-1555708550,night1,-5597,-5597
1653730600522,-1555808550,night1,-5598,-5598
1653730601024,-1554908583,night1,-5600,-5600
1653730601024,-1555008583,night1,-5594,-5594
1653730601024,-1555108583,night1,-5597,-5597
1653730601024,-1555208583,night1,-5597,-5597
1653730601024,-1555308583,night1,-5597,-5597
1653730601536,-1554408578,night1,-5600,-5600
1653730601536,-1554508578,night1,-5599,-5599
1653730601536,-1554608578,night1,-5604,-5604
1653730601536,-1554708578,night1,-5601,-5601
1653730601536,-1554808578,night1,-5599,-5599
1653730601993,-1553908584,night1,-5596,-5596
1653730601993,-1554008584,night1,-5585,-5585
1653730601993,-1554108584,night1,-5580,-5580
1653730601993,-1554208584,night1,-5586,-5586
1653730601993,-1554308584,night1,-5584,-5584
1653730602492,-1553408604,night1,-5583,-5583
1653730602492,-1553508604,night1,-5576,-5576
1653730602492,-1553608604,night1,-5581,-5581
1653730602492,-1553708604,night1,-5583,-5583
1653730602492,-1553808604,night1,-5584,-5584
1653730602977,-1552908549,night1,-5584,-5584
1653730602977,-1553008549,night1,-5578,-5578
1653730602977,-1553108549,night1,-5586,-5586
1653730602977,-1553208549,night1,-5588,-5588
1653730602977,-1553308549,night1,-5587,-5587
1653730603480,-1552408550,night1,-5591,-5591
1653730603480,-1552508550,night1,-5589,-5589
1653730603480,-1552608550,night1,-5593,-5593
1653730603480,-1552708550,night1,-5598,-5598
1653730603480,-1552808550,night1,-5602,-5602
1653730603993,-1551908578,night1,-5601,-5601
1653730603993,-1552008578,night1,-5598,-5598
1653730603993,-1552108578,night1,-5605,-5605
1653730603993,-1552208578,night1,-5609,-5609
1653730603993,-1552308578,night1,-5612,-5612
1653730604453,-1551408615,night1,-5616,-5616
1653730604453,-1551508615,night1,-5604,-5604
1653730604453,-1551608615,night1,-5611,-5611
1653730604453,-1551708615,night1,-5620,-5620
1653730604453,-1551808615,night1,-5622,-5622
1653730604943,-1550908584,night1,-5625,-5625
1653730604943,-1551008584,night1,-5623,-5623
1653730604943,-1551108584,night1,-5627,-5627
1653730604943,-1551208584,night1,-5628,-5628
1653730604943,-1551308584,night1,-5632,-5632
1653730605435,-1550408578,night1,-5633,-5633
1653730605435,-1550508578,night1,-5623,-5623
1653730605435,-1550608578,night1,-5630,-5630
1653730605435,-1550708578,night1,-5638,-5638
1653730605435,-1550808578,night1,-5636,-5636
1653730605940,-1549908575,night1,-5640,-5640
1653730605940,-1550008575,night1,-5635,-5635
1653730605940,-1550108575,night1,-5643,-5643
1653730605940,-1550208575,night1,-5646,-5646
1653730605940,-1550308575,night1,-5647,-5647
1653730606452,-1549408562,night1,-5645,-5645
1653730606452,-1549508562,night1,-5644,-5644
1653730606452,-1549608562,night1,-5648,-5648
1653730606452,-1549708562,night1,-5649,-5649
1653730606452,-1549808562,night1,-5651,-5651
1653730606910,-1548908567,night1,-5652,-5652
1653730606910,-1549008567,night1,-5638,-5638
1653730606910,-1549108567,night1,-5640,-5640
1653730606910,-1549208567,night1,-5655,-5655
1653730606910,-1549308567,night1,-5656,-5656
1653730607399,-1548408584,night1,-5658,-5658
1653730607399,-1548508584,night1,-5653,-5653
1653730607399,-1548608584,night1,-5658,-5658
1653730607399,-1548708584,night1,-5659,-5659
1653730607399,-1548808584,night1,-5662,-5662
1653730607885,-1547908564,night1,-5664,-5664
1653730607885,-1548008564,night1,-5657,-5657
1653730607885,-1548108564,night1,-5663,-5663
1653730607885,-1548208564,night1,-5666,-5666
1653730607885,-1548308564,night1,-5665,-5665
1653730608397,-1547408578,night1,-5668,-5668
1653730608397,-1547508578,night1,-5663,-5663
1653730608397,-1547608578,night1,-5667,-5667
1653730608397,-1547708578,night1,-5670,-5670
1653730608397,-1547808578,night1,-5674,-5674
1653730608861,-1546908584,night1,-5673,-5673
1653730608861,-1547008584,night1,-5667,-5667
1653730608861,-1547108584,night1,-5670,-5670
1653730608861,-1547208584,night1,-5675,-5675
1653730608861,-1547308584,night1,-5676,-5676
1653730609356,-1546408575,night1,-5679,-5679
1653730609356,-1546508575,night1,-5674,-5674
1653730609356,-1546608575,night1,-5680,-5680
1653730609356,-1546708575,night1,-5682,-5682
1653730609356,-1546808575,night1,-5684,-5684
1653730609840,-1545908552,night1,-5685,-5685
1653730609840,-1546008552,night1,-5682,-5682
1653730609840,-1546108552,night1,-5688,-5688
1653730609840,-1546208552,night1,-5686,-5686
1653730609840,-1546308552,night1,-5690,-5690
1653730610344,-1545408578,night1,-5694,-5694
1653730610344,-1545508578,night1,-5688,-5688
1653730610344,-1545608578,night1,-5694,-5694
1653730610344,-1545708578,night1,-5697,-5697
1653730610344,-1545808578,night1,-5696,-5696
1653730610858,-1544908575,night1,-5698,-5698
1653730610858,-1545008575,night1,-5694,-5694
1653730610858,-1545108575,night1,-5692,-5692
1653730610858,-1545208575,night1,-5689,-5689
1653730610858,-1545308575,night1,-5702,-5702
1653730611319,-1544408578,night1,-5701,-5701
1653730611319,-1544508578,night1,-5694,-5694
1653730611319,-1544608578,night1,-5701,-5701
1653730611319,-1544708578,night1,-5704,-5704
1653730611319,-1544808578,night1,-5705,-5705
1653730611811,-1543908585,night1,-5705,-5705
1653730611811,-1544008585,night1,-5696,-5696
1653730611811,-1544108585,night1,-5697,-5697
1653730611811,-1544208585,night1,-5707,-5707
1653730611811,-1544308585,night1,-5709,-5709
1653730612306,-1543408574,night1,-5709,-5709
1653730612306,-1543508574,night1,-5705,-5705
1653730612306,-1543608574,night1,-5708,-5708
1653730612306,-1543708574,night1,-5705,-5705
1653730612306,-1543808574,night1,-5711,-5711
1653730612800,-1542908575,night1,-5712,-5712
1653730612800,-1543008575,night1,-5703,-5703
1653730612800,-1543108575,night1,-5708,-5708
1653730612800,-1543208575,night1,-5713,-5713
1653730612800,-1543308575,night1,-5711,-5711
1653730613313,-1542408635,night1,-5713,-5713
1653730613313,-1542508635,night1,-5708,-5708
1653730613313,-1542608635,night1,-5711,-5711
1653730613313,-1542708635,night1,-5715,-5715
1653730613313,-1542808635,night1,-5716,-5716
1653730613779,-1541908624,night1,-5714,-5714
1653730613779,-1542008624,night1,-5712,-5712
1653730613779,-1542108624,night1,-5716,-5716
1653730613779,-1542208624,night1,-5718,-5718
1653730613779,-1542308624,night1,-5720,-5720
1653730614273,-1541408584,night1,-5720,-5720
1653730614273,-1541508584,night1,-5714,-5714
1653730614273,-1541608584,night1,-5720,-5720
1653730614273,-1541708584,night1,-5723,-5723
1653730614273,-1541808584,night1,-5723,-5723
1653730614762,-1540908577,night1,-5724,-5724
1653730614762,-1541008577,night1,-5717,-5717
1653730614762,-1541108577,night1,-5720,-5720
1653730614762,-1541208577,night1,-5725,-5725
1653730614762,-1541308577,night1,-5727,-5727
1653730615256,-1540408605,night1,-5728,-5728
1653730615256,-1540508605,night1,-5722,-5722
1653730615256,-1540608605,night1,-5724,-5724
1653730615256,-1540708605,night1,-5728,-5728
1653730615256,-1540808605,night1,-5727,-5727
1653730615775,-1539908574,night1,-5730,-5730
1653730615775,-1540008574,night1,-5724,-5724
1653730615775,-1540108574,night1,-5728,-5728
1653730615775,-1540208574,night1,-5730,-5730
1653730615775,-1540308574,night1,-5733,-5733
1653730616223,-1539408563,night1,-5732,-5732
1653730616223,-1539508563,night1,-5721,-5721
1653730616223,-1539608563,night1,-5727,-5727
1653730616223,-1539708563,night1,-5731,-5731
1653730616223,-1539808563,night1,-5734,-5734
1653730616710,-1538908576,night1,-5736,-5736
1653730616710,-1539008576,night1,-5730,-5730
1653730616710,-1539108576,night1,-5735,-5735
1653730616710,-1539208576,night1,-5736,-5736
1653730616710,-1539308576,night1,-5737,-5737
1653730617203,-1538408591,night1,-5731,-5731
1653730617203,-1538508591,night1,-5729,-5729
1653730617203,-1538608591,night1,-5734,-5734
1653730617203,-1538708591,night1,-5736,-5736
1653730617203,-1538808591,night1,-5741,-5741
1653730617715,-1537908578,night1,-5740,-5740
1653730617715,-1538008578,night1,-5732,-5732
1653730617715,-1538108578,night1,-5731,-5731
1653730617715,-1538208578,night1,-5739,-5739
1653730617715,-1538308578,night1,-5736,-5736
1653730618178,-1537408578,night1,-5743,-5743
1653730618178,-1537508578,night1,-5732,-5732
1653730618178,-1537608578,night1,-5736,-5736
1653730618178,-1537708578,night1,-5744,-5744
1653730618178,-1537808578,night1,-5744,-5744
1653730618675,-1536908584,night1,-5744,-5744
1653730618675,-1537008584,night1,-5739,-5739
1653730618675,-1537108584,night1,-5738,-5738
1653730618675,-1537208584,night1,-5744,-5744
1653730618675,-1537308584,night1,-5737,-5737
1653730619168,-1536408616,night1,-5743,-5743
1653730619168,-1536508616,night1,-5738,-5738
1653730619168,-1536608616,night1,-5743,-5743
1653730619168,-1536708616,night1,-5748,-5748
1653730619168,-1536808616,night1,-5747,-5747
1653730619661,-1535908584,night1,-5736,-5736
1653730619661,-1536008584,night1,-5738,-5738
1653730619661,-1536108584,night1,-5748,-5748
1653730619661,-1536208584,night1,-5748,-5748
1653730619661,-1536308584,night1,-5751,-5751
1653730620172,-1535408575,night1,-5752,-5752
1653730620172,-1535508575,night1,-5748,-5748
1653730620172,-1535608575,night1,-5741,-5741
1653730620172,-1535708575,night1,-5738,-5738
1653730620172,-1535808575,night1,-5752,-5752
1653730620643,-1534908578,night1,-5754,-5754
1653730620643,-1535008578,night1,-5744,-5744
1653730620643,-1535108578,night1,-5751,-5751
1653730620643,-1535208578,night1,-5755,-5755
1653730620643,-1535308578,night1,-5754,-5754
1653730621135,-1534408584,night1,-5751,-5751
1653730621135,-1534508584,night1,-5745,-5745
1653730621135,-1534608584,night1,-5748,-5748
1653730621135,-1534708584,night1,-5745,-5745
1653730621135,-1534808584,night1,-5740,-5740
1653730621627,-1533908589,night1,-5737,-5737
1653730621627,-1534008589,night1,-5723,-5723
1653730621627,-1534108589,night1,-5720,-5720
1653730621627,-1534208589,night1,-5721,-5721
1653730621627,-1534308589,night1,-5717,-5717
1653730622123,-1533408569,night1,-5711,-5711
1653730622123,-1533508569,night1,-5698,-5698
1653730622123,-1533608569,night1,-5698,-5698
1653730622123,-1533708569,night1,-5702,-5702
1653730622123,-1533808569,night1,-5695,-5695
1653730622632,-1532908575,night1,-5697,-5697
1653730622632,-1533008575,night1,-5690,-5690
1653730622632,-1533108575,night1,-5690,-5690
1653730622632,-1533208575,night1,-5692,-5692
1653730622632,-1533308575,night1,-5688,-5688
1653730623104,-1532408547,night1,-5689,-5689
1653730623104,-1532508547,night1,-5683,-5683
1653730623104,-1532608547,night1,-5672,-5672
1653730623104,-1532708547,night1,-5674,-5674
1653730623104,-1532808547,night1,-5685,-5685
1653730623598,-1531908623,night1,-5684,-5684
1653730623598,-1532008623,night1,-5668,-5668
1653730623598,-1532108623,night1,-5671,-5671
1653730623598,-1532208623,night1,-5670,-5670
1653730623598,-1532308623,night1,-5668,-5668
1653730624089,-1531408567,night1,-5656,-5656
1653730624089,-1531508567,night1,-5660,-5660
1653730624089,-1531608567,night1,-5666,-5666
1653730624089,-1531708567,night1,-5666,-5666
1653730624089,-1531808567,night1,-5664,-5664
1653730624581,-1530908575,night1,-5663,-5663
1653730624581,-1531008575,night1,-5648,-5648
1653730624581,-1531108575,night1,-5656,-5656
1653730624581,-1531208575,night1,-5654,-5654
1653730624581,-1531308575,night1,-5649,-5649
1653730625094,-1530408584,night1,-5654,-5654
1653730625094,-1530508584,night1,-5647,-5647
1653730625094,-1530608584,night1,-5643,-5643
1653730625094,-1530708584,night1,-5654,-5654
1653730625094,-1530808584,night1,-5652,-5652
1653730625600,-1529908575,night1,-5655,-5655
1653730625600,-1530008575,night1,-5648,-5648
1653730625600,-1530108575,night1,-5645,-5645
1653730625600,-1530208575,night1,-5641,-5641
1653730625600,-1530308575,night1,-5656,-5656
1653730626061,-1529408572,night1,-5655,-5655
1653730626061,-1529508572,night1,-5645,-5645
1653730626061,-1529608572,night1,-5653,-5653
1653730626061,-1529708572,night1,-5657,-5657
1653730626061,-1529808572,night1,-5661,-5661
1653730626554,-1528908577,night1,-5662,-5662
1653730626554,-1529008577,night1,-5657,-5657
1653730626554,-1529108577,night1,-5661,-5661
1653730626554,-1529208577,night1,-5661,-5661
1653730626554,-1529308577,night1,-5666,-5666
1653730627042,-1528408578,night1,-5667,-5667
1653730627042,-1528508578,night1,-5665,-5665
1653730627042,-1528608578,night1,-5666,-5666
1653730627042,-1528708578,night1,-5666,-5666
1653730627042,-1528808578,night1,-5668,-5668
1653730627546,-1527908584,night1,-5668,-5668
1653730627546,-1528008584,night1,-5655,-5655
1653730627546,-1528108584,night1,-5657,-5657
1653730627546,-1528208584,night1,-5663,-5663
1653730627546,-1528308584,night1,-5660,-5660
1653730628058,-1527408584,night1,-5663,-5663
1653730628058,-1527508584,night1,-5655,-5655
1653730628058,-1527608584,night1,-5657,-5657
1653730628058,-1527708584,night1,-5661,-5661
1653730628058,-1527808584,night1,-5661,-5661
1653730628516,-1526908575,night1,-5659,-5659
1653730628516,-1527008575,night1,-5652,-5652
1653730628516,-1527108575,night1,-5658,-5658
1653730628516,-1527208575,night1,-5661,-5661
1653730628516,-1527308575,night1,-5661,-5661
1653730629007,-1526408625,night1,-5662,-5662
1653730629007,-1526508625,night1,-5654,-5654
1653730629007,-1526608625,night1,-5660,-5660
1653730629007,-1526708625,night1,-5664,-5664
1653730629007,-1526808625,night1,-5664,-5664
1653730629501,-1525908574,night1,-5662,-5662
1653730629501,-1526008574,night1,-5660,-5660
1653730629501,-1526108574,night1,-5662,-5662
1653730629501,-1526208574,night1,-5667,-5667
1653730629501,-1526308574,night1,-5670,-5670
1653730630005,-1525408578,night1,-5671,-5671
1653730630005,-1525508578,night1,-5666,-5666
1653730630005,-1525608578,night1,-5668,-5668
1653730630005,-1525708578,night1,-5672,-5672
1653730630005,-1525808578,night1,-5671,-5671
1653730630515,-1524908577,night1,-5673,-5673
1653730630515,-1525008577,night1,-5664,-5664
1653730630515,-1525108577,night1,-5669,-5669
1653730630515,-1525208577,night1,-5672,-5672
1653730630515,-1525308577,night1,-5671,-5671
1653730630970,-1524408584,night1,-5671,-5671
1653730630970,-1524508584,night1,-5656,-5656
1653730630970,-1524608584,night1,-5661,-5661
1653730630970,-1524708584,night1,-5668,-5668
1653730630970,-1524808584,night1,-5669,-5669
1653730631462,-1523908575,night1,-5670,-5670
1653730631462,-1524008575,night1,-5665,-5665
1653730631462,-1524108575,night1,-5668,-5668
1653730631462,-1524208575,night1,-5670,-5670
1653730631462,-1524308575,night1,-5671,-5671
1653730631953,-1523408607,night1,-5670,-5670
1653730631953,-1523508607,night1,-5660,-5660
1653730631953,-1523608607,night1,-5666,-5666
1653730631953,-1523708607,night1,-5669,-5669
1653730631953,-1523808607,night1,-5669,-5669
1653730632461,-1522908578,night1,-5664,-5664
1653730632461,-1523008578,night1,-5654,-5654
1653730632461,-1523108578,night1,-5647,-5647
1653730632461,-1523208578,night1,-5647,-5647
1653730632461,-1523308578,night1,-5641,-5641
1653730632928,-1522408571,night1,-5634,-5634
1653730632928,-1522508571,night1,-5623,-5623
1653730632928,-1522608571,night1,-5618,-5618
1653730632928,-1522708571,night1,-5617,-5617
1653730632928,-1522808571,night1,-5612,-5612
1653730633419,-1521908584,night1,-5608,-5608
1653730633419,-1522008584,night1,-5598,-5598
1653730633419,-1522108584,night1,-5601,-5601
1653730633419,-1522208584,night1,-5600,-5600
1653730633419,-1522308584,night1,-5598,-5598
1653730633914,-1521408575,night1,-5598,-5598
1653730633914,-1521508575,night1,-5593,-5593
1653730633914,-1521608575,night1,-5594,-5594
1653730633914,-1521708575,night1,-5599,-5599
1653730633914,-1521808575,night1,-5603,-5603
1653730634409,-1520908584,night1,-5606,-5606
1653730634409,-1521008584,night1,-5604,-5604
1653730634409,-1521108584,night1,-5609,-5609
1653730634409,-1521208584,night1,-5610,-5610
1653730634409,-1521308584,night1,-5619,-5619
1653730634918,-1520408567,night1,-5617,-5617
1653730634918,-1520508567,night1,-5612,-5612
1653730634918,-1520608567,night1,-5619,-5619
1653730634918,-1520708567,night1,-5631,-5631
1653730634918,-1520808567,night1,-5631,-5631
1653730635394,-1519908578,night1,-5635,-5635
1653730635394,-1520008578,night1,-5629,-5629
1653730635394,-1520108578,night1,-5636,-5636
1653730635394,-1520208578,night1,-5639,-5639
1653730635394,-1520308578,night1,-5642,-5642
1653730635883,-1519408578,night1,-5648,-5648
1653730635883,-1519508578,night1,-5646,-5646
1653730635883,-1519608578,night1,-5652,-5652
1653730635883,-1519708578,night1,-5656,-5656
1653730635883,-1519808578,night1,-5659,-5659
1653730636374,-1518908567,night1,-5661,-5661
1653730636374,-1519008567,night1,-5655,-5655
1653730636374,-1519108567,night1,-5661,-5661
1653730636374,-1519208567,night1,-5665,-5665
1653730636374,-1519308567,night1,-5667,-5667
1653730636868,-1518408548,night1,-5665,-5665
1653730636868,-1518508548,night1,-5659,-5659
1653730636868,-1518608548,night1,-5658,-5658
1653730636868,-1518708548,night1,-5668,-5668
1653730636868,-1518808548,night1,-5671,-5671
1653730637387,-1517908584,night1,-5671,-5671
1653730637387,-1518008584,night1,-5666,-5666
1653730637387,-1518108584,night1,-5665,-5665
1653730637387,-1518208584,night1,-5667,-5667
1653730637387,-1518308584,night1,-5664,-5664
1653730637904,-1517408584,night1,-5664,-5664
1653730637904,-1517508584,night1,-5648,-5648
1653730637904,-1517608584,night1,-5647,-5647
1653730637904,-1517708584,night1,-5646,-5646
1653730637904,-1517808584,night1,-5650,-5650
1653730638348,-1516908623,night1,-5644,-5644
1653730638348,-1517008623,night1,-5637,-5637
1653730638348,-1517108623,night1,-5635,-5635
1653730638348,-1517208623,night1,-5639,-5639
1653730638348,-1517308623,night1,-5638,-5638
1653730638840,-1516408576,night1,-5630,-5630
1653730638840,-1516508576,night1,-5631,-5631
1653730638840,-1516608576,night1,-5635,-5635
1653730638840,-1516708576,night1,-5636,-5636
1653730638840,-1516808576,night1,-5636,-5636
1653730639327,-1515908575,night1,-5637,-5637
1653730639327,-1516008575,night1,-5628,-5628
1653730639327,-1516108575,night1,-5634,-5634
1653730639327,-1516208575,night1,-5632,-5632
1653730639327,-1516308575,night1,-5632,-5632
1653730639835,-1515408578,night1,-5646,-5646
1653730639835,-1515508578,night1,-5640,-5640
1653730639835,-1515608578,night1,-5650,-5650
1653730639835,-1515708578,night1,-5654,-5654
1653730639835,-1515808578,night1,-5656,-5656
1653730640344,-1514908584,night1,-5659,-5659
1653730640344,-1515008584,night1,-5657,-5657
1653730640344,-1515108584,night1,-5652,-5652
1653730640344,-1515208584,night1,-5651,-5651
1653730640344,-1515308584,night1,-5668,-5668
1653730640801,-1514408575,night1,-5669,-5669
1653730640801,-1514508575,night1,-5661,-5661
1653730640801,-1514608575,night1,-5669,-5669
1653730640801,-1514708575,night1,-5675,-5675
1653730640801,-1514808575,night1,-5677,-5677
1653730641289,-1513908560,night1,-5680,-5680
1653730641289,-1514008560,night1,-5675,-5675
1653730641289,-1514108560,night1,-5676,-5676
1653730641289,-1514208560,night1,-5684,-5684
1653730641289,-1514308560,night1,-5685,-5685
1653730641784,-1513408578,night1,-5685,-5685
1653730641784,-1513508578,night1,-5682,-5682
1653730641784,-1513608578,night1,-5680,-5680
1653730641784,-1513708578,night1,-5678,-5678
1653730641784,-1513808578,night1,-5687,-5687
1653730642291,-1512908624,night1,-5691,-5691
1653730642291,-1513008624,night1,-5683,-5683
1653730642291,-1513108624,night1,-5681,-5681
1653730642291,-1513208624,night1,-5690,-5690
1653730642291,-1513308624,night1,-5690,-5690
1653730642803,-1512408575,night1,-5692,-5692
1653730642803,-1512508575,night1,-5686,-5686
1653730642803,-1512608575,night1,-5694,-5694
1653730642803,-1512708575,night1,-5697,-5697
1653730642803,-1512808575,night1,-5698,-5698
1653730643262,-1511908574,night1,-5698,-5698
1653730643262,-1512008574,night1,-5690,-5690
1653730643262,-1512108574,night1,-5687,-5687
1653730643262,-1512208574,night1,-5699,-5699
1653730643262,-1512308574,night1,-5702,-5702
1653730643759,-1511408616,night1,-5703,-5703
1653730643759,-1511508616,night1,-5697,-5697
1653730643759,-1511608616,night1,-5698,-5698
1653730643759,-1511708616,night1,-5706,-5706
1653730643759,-1511808616,night1,-5708,-5708
1653730644243,-1510908610,night1,-5708,-5708
1653730644243,-1511008610,night1,-5704,-5704
1653730644243,-1511108610,night1,-5710,-5710
1653730644243,-1511208610,night1,-5710,-5710
1653730644243,-1511308610,night1,-5731,-5731
1653730644749,-1510408585,night1,-5732,-5732
1653730644749,-1510508585,night1,-5729,-5729
1653730644749,-1510608585,night1,-5730,-5730
1653730644749,-1510708585,night1,-5737,-5737
1653730644749,-1510808585,night1,-5738,-5738
1653730645217,-1509908577,night1,-5739,-5739
1653730645217,-1510008577,night1,-5733,-5733
1653730645217,-1510108577,night1,-5738,-5738
1653730645217,-1510208577,night1,-5743,-5743
1653730645217,-1510308577,night1,-5744,-5744
1653730645710,-1509408584,night1,-5742,-5742
1653730645710,-1509508584,night1,-5738,-5738
1653730645710,-1509608584,night1,-5742,-5742
1653730645710,-1509708584,night1,-5743,-5743
1653730645710,-1509808584,night1,-5739,-5739
1653730646201,-1508908559,night1,-5748,-5748
1653730646201,-1509008559,night1,-5746,-5746
1653730646201,-1509108559,night1,-5750,-5750
1653730646201,-1509208559,night1,-5752,-5752
1653730646201,-1509308559,night1,-5753,-5753
1653730646708,-1508408584,night1,-5752,-5752
1653730646708,-1508508584,night1,-5746,-5746
1653730646708,-1508608584,night1,-5751,-5751
1653730646708,-1508708584,night1,-5755,-5755
1653730646708,-1508808584,night1,-5756,-5756
1653730647206,-1507908575,night1,-5757,-5757
1653730647206,-1508008575,night1,-5751,-5751
1653730647206,-1508108575,night1,-5746,-5746
1653730647206,-1508208575,night1,-5754,-5754
1653730647206,-1508308575,night1,-5758,-5758
1653730647675,-1507408577,night1,-5761,-5761
1653730647675,-1507508577,night1,-5752,-5752
1653730647675,-1507608577,night1,-5758,-5758
1653730647675,-1507708577,night1,-5762,-5762
1653730647675,-1507808577,night1,-5764,-5764
1653730648162,-1506908554,night1,-5764,-5764
1653730648162,-1507008554,night1,-5759,-5759
1653730648162,-1507108554,night1,-5764,-5764
1653730648162,-1507208554,night1,-5766,-5766
1653730648162,-1507308554,night1,-5767,-5767
1653730648655,-1506408570,night1,-5768,-5768
1653730648655,-1506508570,night1,-5760,-5760
1653730648655,-1506608570,night1,-5761,-5761
1653730648655,-1506708570,night1,-5770,-5770
1653730648655,-1506808570,night1,-5771,-5771
1653730649152,-1505908584,night1,-5771,-5771
1653730649152,-1506008584,night1,-5769,-5769
1653730649152,-1506108584,night1,-5772,-5772
1653730649152,-1506208584,night1,-5773,-5773
1653730649152,-1506308584,night1,-5776,-5776
1653730649679,-1505408584,night1,-5776,-5776
1653730649679,-1505508584,night1,-5766,-5766
1653730649679,-1505608584,night1,-5766,-5766
1653730649679,-1505708584,night1,-5776,-5776
1653730649679,-1505808584,night1,-5773,-5773
1653730650129,-1504908584,night1,-5775,-5775
1653730650129,-1505008584,night1,-5762,-5762
1653730650129,-1505108584,night1,-5760,-5760
1653730650129,-1505208584,night1,-5773,-5773
1653730650129,-1505308584,night1,-5774,-5774
1653730650620,-1504408584,night1,-5770,-5770
1653730650620,-1504508584,night1,-5766,-5766
1653730650620,-1504608584,night1,-5771,-5771
1653730650620,-1504708584,night1,-5772,-5772
1653730650620,-1504808584,night1,-5771,-5771
1653730651109,-1503908570,night1,-5771,-5771
1653730651109,-1504008570,night1,-5760,-5760
1653730651109,-1504108570,night1,-5765,-5765
1653730651109,-1504208570,night1,-5771,-5771
1653730651109,-1504308570,night1,-5771,-5771
1653730651610,-1503408578,night1,-5770,-5770
1653730651610,-1503508578,night1,-5766,-5766
1653730651610,-1503608578,night1,-5770,-5770
1653730651610,-1503708578,night1,-5770,-5770
1653730651610,-1503808578,night1,-5773,-5773
1653730652121,-1502908616,night1,-5774,-5774
1653730652121,-1503008616,night1,-5769,-5769
1653730652121,-1503108616,night1,-5768,-5768
1653730652121,-1503208616,night1,-5774,-5774
1653730652121,-1503308616,night1,-5774,-5774
1653730652585,-1502408575,night1,-5766,-5766
1653730652585,-1502508575,night1,-5764,-5764
1653730652585,-1502608575,night1,-5772,-5772
1653730652585,-1502708575,night1,-5778,-5778
1653730652585,-1502808575,night1,-5779,-5779
1653730653077,-1501908578,night1,-5776,-5776
1653730653077,-1502008578,night1,-5772,-5772
1653730653077,-1502108578,night1,-5776,-5776
1653730653077,-1502208578,night1,-5780,-5780
1653730653077,-1502308578,night1,-5778,-5778
1653730653571,-1501408616,night1,-5781,-5781
1653730653571,-1501508616,night1,-5775,-5775
1653730653571,-1501608616,night1,-5775,-5775
1653730653571,-1501708616,night1,-5776,-5776
1653730653571,-1501808616,night1,-5770,-5770
1653730654067,-1500908584,night1,-5759,-5759
1653730654067,-1501008584,night1,-5744,-5744
1653730654067,-1501108584,night1,-5747,-5747
1653730654067,-1501208584,night1,-5742,-5742
1653730654067,-1501308584,night1,-5737,-5737
1653730654579,-1500408575,night1,-5725,-5725
1653730654579,-1500508575,night1,-5712,-5712
1653730654579,-1500608575,night1,-5697,-5697
1653730654579,-1500708575,night1,-5695,-5695
1653730654579,-1500808575,night1,-5697,-5697
1653730655048,-1499908616,night1,-5690,-5690
1653730655048,-1500008616,night1,-5679,-5679
1653730655048,-1500108616,night1,-5674,-5674
1653730655048,-1500208616,night1,-5673,-5673
1653730655048,-1500308616,night1,-5659,-5659
1653730655549,-1499408578,night1,-5649,-5649
1653730655549,-1499508578,night1,-5640,-5640
1653730655549,-1499608578,night1,-5636,-5636
1653730655549,-1499708578,night1,-5630,-5630
1653730655549,-1499808578,night1,-5630,-5630
1653730656033,-1498908584,night1,-5632,-5632
1653730656033,-1499008584,night1,-5626,-5626
1653730656033,-1499108584,night1,-5626,-5626
1653730656033,-1499208584,night1,-5634,-5634
1653730656033,-1499308584,night1,-5636,-5636
1653730656525,-1498408567,night1,-5635,-5635
1653730656525,-1498508567,night1,-5634,-5634
1653730656525,-1498608567,night1,-5633,-5633
1653730656525,-1498708567,night1,-5636,-5636
1653730656525,-1498808567,night1,-5636,-5636
1653730657036,-1497908570,night1,-5630,-5630
1653730657036,-1498008570,night1,-5624,-5624
1653730657036,-1498108570,night1,-5622,-5622
1653730657036,-1498208570,night1,-5634,-5634
1653730657036,-1498308570,night1,-5632,-5632
1653730657511,-1497408584,night1,-5632,-5632
1653730657511,-1497508584,night1,-5624,-5624
1653730657511,-1497608584,night1,-5631,-5631
1653730657511,-1497708584,night1,-5634,-5634
1653730657511,-1497808584,night1,-5631,-5631
1653730657999,-1496908584,night1,-5635,-5635
1653730657999,-1497008584,night1,-5633,-5633
1653730657999,-1497108584,night1,-5640,-5640
1653730657999,-1497208584,night1,-5642,-5642
1653730657999,-1497308584,night1,-5644,-5644
1653730658508,-1496408567,night1,-5646,-5646
1653730658508,-1496508567,night1,-5640,-5640
1653730658508,-1496608567,night1,-5641,-5641
1653730658508,-1496708567,night1,-5654,-5654
1653730658508,-1496808567,night1,-5656,-5656
1653730658983,-1495908578,night1,-5660,-5660
1653730658983,-1496008578,night1,-5657,-5657
1653730658983,-1496108578,night1,-5664,-5664
1653730658983,-1496208578,night1,-5666,-5666
1653730658983,-1496308578,night1,-5674,-5674
1653730659495,-1495408584,night1,-5676,-5676
1653730659495,-1495508584,night1,-5664,-5664
1653730659495,-1495608584,night1,-5672,-5672
1653730659495,-1495708584,night1,-5683,-5683
1653730659495,-1495808584,night1,-5684,-5684
1653730659971,-1494908584,night1,-5688,-5688
1653730659971,-1495008584,night1,-5680,-5680
1653730659971,-1495108584,night1,-5688,-5688
1653730659971,-1495208584,night1,-5694,-5694
1653730659971,-1495308584,night1,-5687,-5687
1653730660459,-1494408575,night1,-5696,-5696
1653730660459,-1494508575,night1,-5693,-5693
1653730660459,-1494608575,night1,-5700,-5700
1653730660459,-1494708575,night1,-5701,-5701
1653730660459,-1494808575,night1,-5703,-5703
1653730660953,-1493908577,night1,-5704,-5704
1653730660953,-1494008577,night1,-5696,-5696
1653730660953,-1494108577,night1,-5694,-5694
1653730660953,-1494208577,night1,-5700,-5700
1653730660953,-1494308577,night1,-5708,-5708
1653730661446,-1493408575,night1,-5706,-5706
1653730661446,-1493508575,night1,-5699,-5699
1653730661446,-1493608575,night1,-5700,-5700
1653730661446,-1493708575,night1,-5707,-5707
1653730661446,-1493808575,night1,-5711,-5711
1653730661952,-1492908577,night1,-5714,-5714
1653730661952,-1493008577,night1,-5710,-5710
1653730661952,-1493108577,night1,-5707,-5707
1653730661952,-1493208577,night1,-5710,-5710
1653730661952,-1493308577,night1,-5715,-5715
1653730662464,-1492408584,night1,-5717,-5717
1653730662464,-1492508584,night1,-5710,-5710
1653730662464,-1492608584,night1,-5715,-5715
1653730662464,-1492708584,night1,-5716,-5716
1653730662464,-1492808584,night1,-5720,-5720
1653730662924,-1491908578,night1,-5720,-5720
1653730662924,-1492008578,night1,-5709,-5709
1653730662924,-1492108578,night1,-5714,-5714
1653730662924,-1492208578,night1,-5721,-5721
1653730662924,-1492308578,night1,-5722,-5722
1653730663411,-1491408570,night1,-5722,-5722
1653730663411,-1491508570,night1,-5718,-5718
1653730663411,-1491608570,night1,-5720,-5720
1653730663411,-1491708570,night1,-5720,-5720
1653730663411,-1491808570,night1,-5718,-5718
1653730663907,-1490908574,night1,-5716,-5716
1653730663907,-1491008574,night1,-5701,-5701
1653730663907,-1491108574,night1,-5706,-5706
1653730663907,-1491208574,night1,-5706,-5706
1653730663907,-1491308574,night1,-5704,-5704
1653730664409,-1490408575,night1,-5700,-5700
1653730664409,-1490508575,night1,-5691,-5691
1653730664409,-1490608575,night1,-5682,-5682
1653730664409,-1490708575,night1,-5694,-5694
1653730664409,-1490808575,night1,-5691,-5691
1653730664921,-1489908584,night1,-5690,-5690
1653730664921,-1490008584,night1,-5686,-5686
1653730664921,-1490108584,night1,-5684,-5684
1653730664921,-1490208584,night1,-5686,-5686
1653730664921,-1490308584,night1,-5687,-5687
1653730665377,-1489408566,night1,-5686,-5686
1653730665377,-1489508566,night1,-5672,-5672
1653730665377,-1489608566,night1,-5682,-5682
1653730665377,-1489708566,night1,-5687,-5687
1653730665377,-1489808566,night1,-5689,-5689
1653730665866,-1488908567,night1,-5691,-5691
1653730665866,-1489008567,night1,-5686,-5686
1653730665866,-1489108567,night1,-5688,-5688
1653730665866,-1489208567,night1,-5697,-5697
1653730665866,-1489308567,night1,-5699,-5699
1653730666355,-1488408635,night1,-5701,-5701
1653730666355,-1488508635,night1,-5697,-5697
1653730666355,-1488608635,night1,-5705,-5705
1653730666355,-1488708635,night1,-5706,-5706
1653730666355,-1488808635,night1,-5712,-5712
1653730666869,-1487908570,night1,-5714,-5714
1653730666869,-1488008570,night1,-5704,-5704
1653730666869,-1488108570,night1,-5706,-5706
1653730666869,-1488208570,night1,-5707,-5707
1653730666869,-1488308570,night1,-5712,-5712
1653730667335,-1487408575,night1,-5712,-5712
1653730667335,-1487508575,night1,-5697,-5697
1653730667335,-1487608575,night1,-5697,-5697
1653730667335,-1487708575,night1,-5692,-5692
1653730667335,-1487808575,night1,-5687,-5687
1653730667830,-1486908575,night1,-5676,-5676
1653730667830,-1487008575,night1,-5666,-5666
1653730667830,-1487108575,night1,-5651,-5651
1653730667830,-1487208575,night1,-5640,-5640
1653730667830,-1487308575,night1,-5629,-5629
