localTime,remoteTime,label,ibi,bpm,signalOK
1623227973592,2091596,rest,424,83,0
1623227973592,2091960,rest,338,87,0
1623227974082,2092223,rest,252,92,0
1623227974589,2092588,rest,332,97,0
1623227975594,2093982,rest,1304,87,0
1623227978123,2096181,rest,2024,72,0
1623227979128,2097475,rest,1214,68,1
1623227980147,2098324,rest,794,70,0
1623227980658,2099112,rest,728,73,0
1623227981655,2099940,rest,760,73,0
1623227982662,2100686,rest,692,71,0
1623227984180,2102382,rest,1600,61,0
1623227985699,2103716,rest,1234,56,0
1623227986202,2104665,rest,886,53,0
1623227987211,2105453,rest,708,56,0
1623227988238,2106220,rest,712,64,0
1623227989736,2107735,rest,1402,63,0
1623227990745,2108947,rest,1118,60,0
1623227993272,2111514,rest,2368,52,0
1623227994788,2113069,rest,1428,49,1
1623227995815,2113998,rest,856,48,0
1623227996804,2114808,rest,730,52,0
1623227998826,2117292,rest,2316,47,0
1623228000358,2118806,rest,1390,46,1
1623228001864,2119898,rest,996,45,0
1623228003875,2121939,rest,1894,41,0
1623228005898,2123896,rest,1822,40,1
1623228007408,2125432,rest,1424,39,0
1623228008418,2126442,rest,938,43,0
1623228008926,2127250,rest,742,45,0
1623228009947,2127976,rest,666,46,0
1623228009947,2128400,rest,400,47,0
1623228010970,2128946,rest,500,55,0
1623228011447,2129813,rest,806,58,0
1623228013982,2131998,rest,2014,53,0
1623228015486,2133510,rest,1406,56,0
1623228016499,2134520,rest,928,61,0
1623228017009,2135183,rest,616,66,0
1623228017521,2135848,rest,612,69,0
1623228018518,2136536,rest,620,70,0
1623228019023,2137383,rest,768,69,0
1623228020027,2138050,rest,626,67,1
1623228020538,2138556,rest,440,67,0
1623228020538,2138899,rest,326,71,0
1623228021543,2139585,rest,654,85,0
1623228022047,2140069,rest,428,99,1
1623228022047,2140372,rest,296,111,0
1623228024594,2142574,rest,2024,88,0
1623228025582,2144048,rest,1364,79,0
1623228027123,2145137,rest,994,75,0
1623228028124,2146449,rest,1218,71,1
1623228029626,2147643,rest,1100,67,0
1623228031141,2149159,rest,1426,61,0
1623228032167,2150169,rest,924,57,0
1623228032691,2151117,rest,864,56,0
1623228033662,2151682,rest,518,55,0
1623228033662,2152105,rest,392,55,0
1623228034699,2152670,rest,534,64,0
1623228035214,2153377,rest,646,69,0
1623228035684,2154104,rest,658,72,1
1623228036689,2154752,rest,598,78,1
1623228037197,2155217,rest,424,85,0
1623228037708,2155701,rest,450,100,0
1623228038206,2156285,rest,540,106,0
1623228038724,2156728,rest,416,116,1
1623228039718,2157717,rest,926,107,0
1623228040228,2158344,rest,564,104,0
1623228040728,2158768,rest,400,106,0
1623228040728,2159071,rest,288,114,0
1623228041810,2159921,rest,776,111,0
1623228042753,2160750,rest,758,108,0
1623228043263,2161314,rest,538,106,0
1623228043263,2161678,rest,340,108,0
1623228043759,2162143,rest,446,110,0
1623228044261,2162466,rest,276,112,0
1623228044770,2162970,rest,464,123,0
1623228045273,2163294,rest,304,130,0
1623228045784,2163779,rest,444,129,1
1623228046295,2164667,rest,814,116,0
1623228047295,2165516,rest,782,116,0
1623228048307,2166284,rest,716,117,0
1623228048807,2167069,rest,728,112,1
1623228049309,2167534,rest,436,110,0
1623228049821,2167817,rest,262,114,0
1623228050837,2168887,rest,982,101,0
1623228051839,2169878,rest,920,94,0
1623228052850,2170829,rest,896,85,0
1623228053873,2171880,rest,982,79,0
1623228055883,2174100,rest,2046,68,0
1623228057902,2175920,rest,1684,62,0
1623228058915,2177150,rest,1132,59,0
1623228059921,2178099,rest,876,58,0
1623228060939,2178908,rest,768,56,0
1623228061455,2179775,rest,800,54,0
1623228063451,2181454,rest,1538,51,0
1623228064471,2182484,rest,970,51,1
1623228065476,2183534,rest,962,51,1
1623228065977,2184362,rest,774,51,0
1623228066985,2185148,rest,734,58,0
1623228067491,2185957,rest,746,64,0
1623228069514,2187573,rest,1482,62,0
1623228070526,2188524,rest,890,62,0
1623228071027,2189189,rest,610,63,0
1623228071532,2189573,rest,368,66,0
1623228071532,2189917,rest,312,76,0
1623228072539,2190744,rest,774,78,0
1623228073548,2191533,rest,734,80,0
1623228074056,2192362,rest,770,80,0
1623228075073,2193090,rest,666,81,0
1623228075584,2193898,rest,756,81,1
1623228076582,2194564,rest,608,92,0
1623228077086,2195129,rest,518,98,0
1623228077598,2195635,rest,466,100,0
1623228078096,2196159,rest,488,98,0
1623228078606,2196644,rest,454,96,1
1623228078606,2196926,rest,272,104,0
1623228079611,2197695,rest,702,105,0
1623228081128,2199170,rest,1360,95,0
1623228083159,2201189,rest,1870,80,0
1623228084667,2202702,rest,1394,73,0
1623228085164,2203611,rest,836,71,0
1623228086180,2204217,rest,560,71,0
1623228086685,2204722,rest,460,71,0
1623228086685,2205025,rest,278,73,0
1623228087686,2205691,rest,604,72,0
1623228088192,2206498,rest,756,68,0
1623228089203,2207225,rest,676,68,0
1623228089713,2207730,rest,472,75,0
1623228090737,2208740,rest,910,86,0
1623228091733,2209751,rest,940,92,0
1623228093245,2211245,rest,1366,85,0
1623228094259,2212295,rest,966,80,1
1623228095769,2214213,rest,1764,68,0
1623228097808,2215811,rest,1468,60,0
1623228098801,2216801,rest,928,58,0
1623228099303,2217568,rest,706,58,0
1623228100314,2218336,rest,726,58,0
1623228101325,2219365,rest,950,55,1
1623228102333,2220376,rest,950,55,1
1623228103341,2221548,rest,1084,55,0
1623228104360,2222356,rest,746,58,0
1623228104868,2222901,rest,504,61,0
1623228105380,2223366,rest,426,70,0
1623228105380,2223750,rest,352,81,0
1623228106371,2224598,rest,782,83,0
1623228107390,2225406,rest,746,82,0
1623228108396,2226397,rest,908,80,0
1623228109421,2227449,rest,970,80,0
1623228110415,2228477,rest,948,80,1
1623228111421,2229607,rest,1054,80,0
1623228111935,2230395,rest,728,80,0
1623228114462,2232477,rest,1940,67,0
1623228115464,2233748,rest,1166,62,1
1623228116480,2234495,rest,700,60,0
1623228116975,2235039,rest,496,62,0
1623228117482,2235523,rest,444,64,0
1623228117986,2235988,rest,444,67,0
1623228118489,2236674,rest,652,70,0
1623228119519,2237483,rest,758,71,0
1623228120023,2238249,rest,690,74,0
1623228121015,2239037,rest,748,74,1
1623228122532,2240572,rest,1412,79,0
1623228123037,2241481,rest,848,83,0
1623228124550,2242574,rest,1030,79,1
1623228126069,2244511,rest,1808,67,0
1623228128081,2246084,rest,1446,61,1
1623228130106,2248126,rest,1890,53,0
1623228131112,2249356,rest,1136,51,0
1623228131616,2250084,rest,682,51,0
1623228132629,2250911,rest,756,51,0
1623228133641,2251659,rest,700,51,0
1623228134644,2252649,rest,906,53,0
1623228135156,2253236,rest,544,55,0
1623228137676,2255679,rest,2270,49,0
1623228139202,2257214,rest,1408,51,1
1623228139698,2258102,rest,844,53,0
1623228140715,2258749,rest,582,61,0
1623228141226,2259255,rest,464,65,0
1623228141226,2259659,rest,380,67,0
1623228142728,2260749,rest,996,66,0
1623228143732,2262000,rest,1168,62,0
1623228144749,2262766,rest,700,64,0
1623228145773,2263776,rest,932,61,1
1623228146768,2264788,rest,930,71,1
1623228148287,2266325,rest,1418,71,0
1623228150803,2268788,rest,2268,61,0
1623228153330,2271335,rest,2362,51,0
1623228154849,2272889,rest,1418,47,0
1623228156377,2274343,rest,1366,44,0
1623228157372,2275394,rest,958,44,0
1623228158383,2276405,rest,936,45,0
1623228158888,2277234,rest,760,44,0
1623228159900,2277900,rest,622,46,0
1623228160412,2278727,rest,764,46,0
1623228162431,2280464,rest,1600,45,0
1623228163446,2281758,rest,1196,50,0
1623228164466,2282688,rest,838,57,0
1623228164947,2283354,rest,622,62,0
1623228165956,2284162,rest,732,66,0
1623228166466,2284869,rest,654,68,0
1623228167473,2285677,rest,746,70,0
1623228168488,2286485,rest,752,70,1
1623228168993,2287051,rest,512,71,0
1623228169996,2288021,rest,902,70,0
1623228170521,2288830,rest,756,77,0
1623228171534,2289516,rest,644,83,1
1623228172523,2290969,rest,1344,78,0
1623228173539,2291900,rest,846,76,0
1623228175569,2293577,rest,1534,69,0
1623228176566,2294567,rest,922,67,0
1623228177573,2295919,rest,1252,63,1
1623228180606,2298626,rest,2500,53,0
1623228185663,2303675,rest,934,64,0
1623228186661,2304664,rest,920,64,0
1623228188179,2306199,rest,1420,61,0
1623228189187,2307228,rest,954,61,0
1623228191713,2309713,rest,2314,53,0
1623228193247,2311248,rest,1420,51,1
1623228193751,2312177,rest,854,51,0
1623228196256,2314299,rest,1976,47,0
1623228197775,2315774,rest,1348,45,0
1623228198789,2316804,rest,936,45,0
1623228199289,2317571,rest,704,46,0
1623228203325,2321533,rest,494,121,0
1623228204335,2322381,rest,768,115,0
1623228204846,2322885,rest,476,115,0
1623228205348,2323410,rest,476,116,0
1623228205854,2323853,rest,414,117,0
1623228207370,2325390,rest,1414,99,0
1623228208399,2326380,rest,908,93,0
1623228208908,2327087,rest,646,91,0
1623228209391,2327835,rest,694,88,0
1623228210397,2328622,rest,726,85,0
1623228211407,2329409,rest,730,82,0
1623228212423,2330460,rest,978,80,0
1623228214440,2332460,rest,1844,67,0
1623228216456,2334480,rest,1874,58,0
1623228217969,2336255,rest,1646,52,0
1623228219493,2337831,rest,1470,52,0
1623228221002,2339466,rest,1512,49,0
1623228222527,2340556,rest,998,48,0
1623228223041,2341363,rest,746,47,0
1623228224028,2342030,rest,632,48,0
1623228225038,2343061,rest,944,47,1
1623228226052,2344072,rest,938,47,1
1623228227062,2345081,rest,934,51,1
1623228228069,2346110,rest,942,55,1
1623228230103,2348092,rest,1850,54,0
1623228231603,2349608,rest,1386,55,0
1623228234134,2352111,rest,2300,51,0
1623228237183,2355446,rest,252,238,0
1623228237684,2355728,rest,252,238,0
1623228238195,2356193,rest,438,222,0
1623228238677,2356678,rest,452,206,0
1623228238677,2356982,rest,272,205,0
1623228239182,2357263,rest,252,205,0
1623228239182,2357525,rest,252,205,0
1623228240189,2358212,rest,628,181,0
1623228240700,2358718,rest,470,170,0
1623228241716,2359749,rest,962,141,0
1623228242213,2360416,rest,610,131,0
1623228242719,2360801,rest,368,127,0
1623228243225,2361224,rest,390,129,0
1623228244234,2362657,rest,1324,108,0
1623228245743,2363747,rest,1022,95,0
1623228246759,2365162,rest,1308,81,0
1623228248275,2366274,rest,1012,74,1
1623228249280,2367707,rest,1326,68,0
1623228250794,2368816,rest,1008,64,0
1623228252327,2370312,rest,1390,61,0
1623228253321,2371340,rest,960,59,0
1623228254828,2373276,rest,1794,52,0
1623228256344,2374407,rest,1076,49,0
1623228257353,2375377,rest,902,50,0
1623228257859,2376224,rest,790,51,0
1623228258879,2376852,rest,582,55,0
1623228259389,2377600,rest,670,57,0
1623228260381,2378387,rest,734,60,0
1623228260890,2378911,rest,480,64,0
1623228261410,2379415,rest,454,71,0
1623228261410,2379859,rest,414,76,0
1623228262402,2380687,rest,782,87,0
1623228263918,2382364,rest,1550,81,0
1623228266455,2384443,rest,1922,71,0
1623228267957,2385998,rest,1432,66,1
1623228268969,2387010,rest,932,64,0
1623228269984,2387980,rest,900,62,0
1623228270486,2388708,rest,686,62,0
1623228271995,2390000,rest,1188,58,0
1623228273012,2391049,rest,980,55,1
1623228274034,2392241,rest,1106,52,0
1623228274518,2392969,rest,678,52,0
1623228275535,2393797,rest,768,56,0
1623228276541,2394544,rest,688,64,0
1623228277053,2395089,rest,502,71,0
1623228278053,2396079,rest,916,71,0
1623228279065,2397088,rest,956,70,0
1623228280074,2398119,rest,936,68,0
1623228281098,2399108,rest,926,71,0
1623228281617,2400036,rest,862,72,1
1623228282600,2400621,rest,540,77,0
1623228283104,2401125,rest,456,79,0
1623228283609,2401608,rest,448,82,0
1623228284112,2402154,rest,500,85,0
1623228284112,2402477,rest,302,87,0
1623228285117,2403123,rest,618,91,0
1623228286134,2404173,rest,962,91,0
1623228287147,2405185,rest,930,91,0
1623228288168,2406173,rest,912,91,0
1623228288676,2407102,rest,870,91,0
1623228289665,2407708,rest,552,91,0
1623228290675,2408699,rest,932,85,0
1623228291183,2409426,rest,672,82,0
1623228293705,2412009,rest,2388,65,0
1623228295744,2413725,rest,1580,57,0
1623228296734,2414757,rest,950,55,0
1623228297242,2415585,rest,760,56,0
1623228298250,2416294,rest,640,58,0
1623228298757,2416757,rest,434,61,0
1623228299262,2417242,rest,434,64,0
1623228299770,2418151,rest,862,62,0
1623228301784,2419787,rest,1498,58,0
1623228303319,2421484,rest,1568,54,0
1623228304820,2423217,rest,1586,58,0
1623228306324,2424368,rest,1076,61,0
1623228310870,2428892,rest,682,87,0
1623228311380,2429659,rest,708,87,0
1623228312382,2430407,rest,696,87,0
1623228313395,2431439,rest,958,84,0
1623228313917,2432186,rest,692,84,0
1623228314908,2432974,rest,720,83,1
1623228315415,2433457,rest,446,86,0
1623228315415,2433841,rest,358,90,0
1623228316427,2434447,rest,562,92,0
1623228317457,2435416,rest,900,89,0
1623228317937,2436183,rest,700,89,0
1623228318951,2437072,rest,824,87,0
1623228319458,2437861,rest,720,87,0
1623228324010,2442425,rest,828,72,0
1623228325035,2443013,rest,548,75,0
1623228325513,2443518,rest,458,78,0
1623228325513,2443981,rest,436,82,0
1623228327030,2445072,rest,1014,80,0
1623228328041,2446082,rest,936,79,0
1623228329048,2447091,rest,922,78,0
1623228330058,2448102,rest,940,77,1
1623228331073,2449112,rest,940,76,1
1623228332095,2450121,rest,938,75,1
1623228334603,2452605,rest,2302,63,0
1623228336114,2454121,rest,1390,58,1
1623228337128,2455151,rest,946,55,0
1623228338140,2456140,rest,942,53,0
1623228338652,2457089,rest,868,53,0
1623228339672,2457675,rest,538,55,0
1623228340156,2458160,rest,456,58,0
1623228340667,2458645,rest,438,61,0
1623228340667,2458949,rest,280,66,0
1623228341174,2459232,rest,252,71,0
1623228341174,2459494,rest,252,94,0
1623228342685,2460686,rest,1112,98,0
1623228343691,2461715,rest,954,98,0
1623228344196,2462402,rest,636,103,0
1623228345210,2463249,rest,762,105,1
1623228345719,2463734,rest,460,107,0
1623228346224,2464259,rest,490,106,0
1623228346737,2464725,rest,432,106,0
1623228346737,2465065,rest,302,106,0
1623228347728,2465732,rest,610,99,0
1623228348238,2466702,rest,880,90,0
1623228349251,2467267,rest,530,99,0
1623228349756,2467793,rest,478,107,0
1623228350261,2468277,rest,442,111,0
1623228350760,2468802,rest,508,116,0
1623228351269,2469307,rest,462,116,1
1623228351772,2469834,rest,486,116,1
1623228351772,2470156,rest,292,120,0
1623228352279,2470541,rest,370,118,0
1623228353296,2471531,rest,898,112,0
1623228355305,2473348,rest,1648,98,0
1623228357325,2475368,rest,1860,80,0
1623228359352,2477368,rest,1862,68,0
1623228360358,2478619,rest,1156,62,0
1623228362379,2480376,rest,1622,56,1
1623228363381,2481789,rest,1290,52,0
1623228364904,2482962,rest,1084,49,0
1623228365906,2483910,rest,874,47,0
1623228367932,2485930,rest,1850,42,0
1623228369953,2487970,rest,1902,39,0
1623228372478,2490454,rest,2300,37,0
1623228373988,2492030,rest,1460,38,0
1623228374999,2493021,rest,926,41,0
1623228375511,2493950,rest,856,42,0
1623228376535,2494536,rest,538,45,0
1623228377021,2495021,rest,460,48,0
1623228377021,2495323,rest,278,52,0
1623228378026,2496028,rest,652,53,0
1623228378531,2496796,rest,720,59,0
1623228379545,2497543,rest,680,67,0
1623228380041,2498088,rest,518,84,1
1623228380551,2498593,rest,454,98,0
1623228380551,2498875,rest,272,110,0
1623228381556,2499561,rest,620,115,0
1623228382067,2500065,rest,464,117,1
1623228383092,2501054,rest,910,107,0
1623228383573,2501659,rest,548,102,0
1623228384083,2502124,rest,432,106,0
1623228384083,2502548,rest,396,113,0
1623228384588,2502810,rest,252,123,0
1623228385086,2503093,rest,252,130,0
1623228385596,2503618,rest,486,129,0
1623228386101,2504163,rest,508,123,0
1623228386613,2504608,rest,414,128,0
1623228387108,2505154,rest,508,127,0
1623228387108,2505496,rest,320,145,0
1623228387612,2505839,rest,308,155,0
1623228388116,2506102,rest,252,162,0
1623228388625,2506749,rest,594,154,0
1623228389131,2507312,rest,520,144,0
1623228389642,2507656,rest,316,142,0
1623228390641,2508666,rest,920,128,0
1623228391152,2509394,rest,678,124,0
1623228391655,2510061,rest,610,119,1
1623228392664,2510808,rest,686,115,1
1623228393173,2511513,rest,648,108,1
1623228394187,2512181,rest,618,102,1
1623228395185,2513655,rest,1366,86,0
1623228396712,2515090,rest,1330,78,0
1623228398218,2516223,rest,1048,72,1
1623228398727,2517151,rest,836,68,0
1623228399732,2517737,rest,550,71,0
1623228400241,2518262,rest,492,73,0
1623228400748,2518787,rest,468,74,0
1623228400748,2519110,rest,298,78,0
1623228401763,2519778,rest,612,78,0
1623228402257,2520324,rest,496,80,0
1623228402257,2520626,rest,298,93,0
1623228403274,2521293,rest,616,105,0
1623228403774,2521779,rest,448,117,0
1623228403774,2522182,rest,372,129,0
1623228404286,2522464,rest,258,137,0
1623228404799,2522788,rest,300,144,0
1623228405310,2523293,rest,454,144,0
1623228405310,2523697,rest,394,141,0
1623228406305,2524505,rest,744,136,0
1623228406806,2525252,rest,684,131,0
1623228408323,2526364,rest,1010,113,0
1623228409332,2527335,rest,896,107,0
1623228410341,2528667,rest,1240,94,0
1623228412375,2530403,rest,1592,79,0
1623228413881,2532283,rest,1750,66,0
1623228415387,2533433,rest,1052,61,0
1623228417407,2535413,rest,1832,53,0
1623228418421,2536806,rest,1288,49,0
1623228419957,2537979,rest,1090,48,0
1623228420440,2538727,rest,688,48,0
1623228421450,2539472,rest,692,49,0
1623228421957,2539998,rest,484,51,0
1623228421957,2540341,rest,330,55,0
1623228422966,2541149,rest,762,60,0
1623228423974,2541976,rest,754,66,0
1623228424478,2542764,rest,740,69,0
1623228425486,2543491,rest,658,80,0
1623228425997,2544300,rest,756,86,1
1623228427549,2545510,rest,1104,86,0
1623228428524,2546741,rest,1132,80,0
1623228429538,2547509,rest,728,80,0
1623228430031,2548357,rest,764,77,0
1623228431550,2549591,rest,1130,70,0
1623228432054,2550335,rest,680,71,0
1623228432552,2550780,rest,410,74,0
1623228433058,2551043,rest,252,78,0
1623228433058,2551326,rest,252,83,0
1623228433577,2551788,rest,438,87,0
1623228434089,2552334,rest,506,95,0
1623228435080,2553103,rest,692,102,0
1623228435588,2553891,rest,738,102,0
1623228436603,2554619,rest,670,104,0
1623228437103,2555388,rest,728,111,1
1623228438115,2556114,rest,664,112,1
1623228438624,2556659,rest,514,110,0
1623228439118,2557183,rest,476,105,0
1623228439626,2558072,rest,848,95,0
1623228440638,2558659,rest,534,94,0
1623228441150,2559407,rest,704,91,1
1623228442178,2560175,rest,694,91,1
1623228442661,2561064,rest,830,90,1
1623228443678,2561892,rest,768,88,1
1623228444677,2562700,rest,742,88,1
1623228445194,2563526,rest,778,87,1
1623228446194,2564193,rest,618,85,0
1623228446692,2564759,rest,508,85,0
1623228447707,2565709,rest,888,84,0
1623228448214,2566558,rest,788,82,0
1623228449246,2567224,rest,602,83,1
1623228450745,2568759,rest,1424,75,0
1623228451743,2569749,rest,894,74,0
1623228452757,2570760,rest,926,73,1
1623228453770,2572012,rest,1166,69,0
1623228454780,2573163,rest,1064,67,1
1623228455791,2573848,rest,638,67,0
1623228456304,2574535,rest,626,66,0
1623228457303,2575301,rest,716,67,0
1623228457807,2576089,rest,722,68,0
1623228458813,2576857,rest,714,67,1
1623228459320,2577705,rest,792,72,1
1623228460337,2578513,rest,760,73,1
1623228460835,2579299,rest,714,75,1
1623228461840,2580087,rest,730,80,1
1623228462346,2580814,rest,664,84,1
1623228463379,2581603,rest,716,83,1
1623228464396,2582371,rest,696,83,1
1623228464876,2583119,rest,696,83,1
1623228465888,2583886,rest,698,83,1
1623228466395,2584552,rest,618,84,1
1623228466892,2585116,rest,530,87,0
1623228467404,2585722,rest,550,90,0
1623228468407,2586389,rest,612,92,1
1623228470439,2588431,rest,1894,78,0
1623228471461,2589783,rest,1270,72,0
1623228472948,2590995,rest,1108,69,1
1623228473967,2592005,rest,946,67,0
1623228474976,2592975,rest,896,65,0
1623228476484,2594692,rest,1588,59,0
1623228478014,2596025,rest,1244,56,1
1623228480028,2598288,rest,2086,49,0
1623228482547,2600591,rest,2154,43,0
1623228484057,2602225,rest,1502,40,0
1623228485592,2603720,rest,1376,42,0
1623228489613,2608001,rest,568,105,0
1623228490627,2608608,rest,564,105,0
1623228492658,2610649,rest,1868,86,0
1623228496687,2615090,rest,810,74,0
1623228497692,2615899,rest,746,74,0
1623228498702,2616746,rest,782,75,0
1623228500247,2618421,rest,1526,68,0
1623228501229,2619614,rest,1116,66,1
1623228502243,2620645,rest,946,65,0
1623228503256,2621414,rest,710,66,0
1623228503758,2622081,rest,608,67,0
1623228504760,2622746,rest,618,69,0
1623228505777,2624138,rest,1260,65,0
1623228506791,2624948,rest,758,66,0
1623228507302,2625655,rest,644,66,0
1623228508324,2626323,rest,622,68,0
1623228508802,2627050,rest,674,75,0
1623228509814,2627818,rest,722,79,0
1623228510316,2628604,rest,716,81,1
1623228511334,2629372,rest,722,81,1
1623228512842,2630886,rest,1386,73,0
1623228513855,2631857,rest,918,71,0
1623228514879,2632868,rest,936,74,1
1623228515389,2633673,rest,734,74,0
1623228516382,2634380,rest,658,74,0
1623228516880,2634925,rest,498,75,0
1623228517385,2635429,rest,466,77,0
1623228517890,2635894,rest,444,80,0
1623228518407,2636440,rest,494,82,0
1623228518899,2636906,rest,442,86,1
1623228518899,2637370,rest,412,100,1
1623228519916,2638118,rest,688,103,0
1623228520920,2638946,rest,774,106,0
1623228521431,2639450,rest,484,111,0
1623228521944,2639935,rest,462,116,0
1623228521944,2640238,rest,278,121,0
1623228522943,2640944,rest,650,117,0
1623228523450,2641691,rest,708,111,0
1623228523954,2642398,rest,656,108,0
1623228524959,2643127,rest,698,103,1
1623228525467,2643853,rest,678,98,1
1623228526489,2644538,rest,636,99,1
1623228526977,2645043,rest,476,104,0
1623228526977,2645387,rest,318,107,0
1623228527986,2646033,rest,618,105,0
1623228528496,2646518,rest,462,101,1
1623228528496,2646881,rest,346,107,0
1623228529522,2647670,rest,736,106,0
1623228530034,2648397,rest,696,106,0
1623228531022,2649044,rest,592,108,0
1623228531535,2649570,rest,480,111,0
1623228531535,2649872,rest,290,119,0
1623228532530,2650518,rest,602,116,0
1623228533042,2651326,rest,732,108,0
1623228533541,2652012,rest,638,107,0
1623228534551,2652780,rest,726,102,0
1623228535062,2653466,rest,644,97,0
1623228536078,2654113,rest,580,100,1
1623228536585,2654598,rest,458,104,0
1623228536585,2655042,rest,408,108,0
1623228538090,2656536,rest,1382,92,0
1623228539602,2657868,rest,1220,81,0
1623228541120,2659183,rest,1216,75,0
1623228542126,2660173,rest,922,73,0
1623228542640,2660901,rest,680,72,0
1623228543654,2661646,rest,710,72,0
1623228544164,2662393,rest,694,72,0
1623228544651,2663119,rest,682,71,0
1623228545668,2663887,rest,700,69,1
1623228546673,2664677,rest,736,67,1
1623228547179,2665443,rest,730,72,1
1623228548195,2666192,rest,690,77,1
1623228550203,2668250,rest,1870,71,0
1623228551232,2669442,rest,1124,69,1
1623228551745,2670169,rest,674,69,0
1623228552736,2670936,rest,710,69,0
1623228553238,2671703,rest,706,69,0
1623228555266,2673259,rest,1438,64,0
1623228556772,2674794,rest,1426,59,0
1623228558299,2676270,rest,1368,55,0
1623228558807,2677159,rest,820,55,0
1623228559803,2677783,rest,566,56,0
1623228560309,2678672,rest,832,62,0
1623228562333,2680326,rest,1520,59,0
1623228563332,2681396,rest,966,57,1
1623228564851,2682871,rest,1376,54,0
1623228565361,2683758,rest,826,53,0
1623228566360,2684385,rest,568,58,0
1623228567884,2685879,rest,1378,58,0
1623228569397,2687396,rest,1418,58,0
1623228570402,2688467,rest,974,57,0
1623228571406,2689394,rest,868,55,0
1623228571918,2690120,rest,666,56,0
1623228572427,2690887,rest,712,61,0
1623228573424,2691715,rest,772,62,0
1623228574441,2692464,rest,698,67,1
1623228575456,2693474,rest,920,66,0
1623228576459,2694484,rest,936,64,0
1623228576976,2695170,rest,640,69,0
1623228577981,2695997,rest,756,75,0
1623228578474,2696501,rest,462,80,0
1623228578985,2697389,rest,814,81,0
1623228580006,2697997,rest,562,82,1
1623228580514,2698502,rest,458,85,0
1623228580514,2698804,rest,274,92,0
1623228581002,2699068,rest,252,98,0
1623228581002,2699351,rest,252,111,0
1623228581514,2699614,rest,252,127,0
1623228582012,2700017,rest,368,134,0
1623228583021,2701045,rest,958,129,0
1623228583524,2701811,rest,690,122,0
1623228585543,2703550,rest,1596,106,0
1623228587070,2705328,rest,1660,88,0
1623228588577,2706579,rest,1148,80,0
1623228590086,2708114,rest,1428,69,1
1623228591114,2709105,rest,914,64,0
1623228592617,2710641,rest,1416,57,1
1623228593626,2711650,rest,934,54,0
1623228594133,2712337,rest,630,52,0
1623228595158,2713145,rest,738,53,0
1623228595647,2713649,rest,480,54,0
1623228595647,2713993,rest,322,62,0
1623228597161,2715166,rest,1090,65,0
1623228599685,2717710,rest,2342,58,0
1623228601201,2719406,rest,1544,57,0
1623228603222,2721609,rest,2040,52,0
1623228604738,2722962,rest,1262,52,0
1623228607259,2725264,rest,2104,47,0
1623228608269,2726618,rest,1262,45,0
1623228609290,2727486,rest,792,45,0
1623228609806,2728010,rest,476,45,0
1623228610290,2728313,rest,286,45,0
1623228610290,2728677,rest,362,48,0
1623228611303,2729323,rest,594,55,0
1623228612307,2730717,rest,1278,57,0
1623228613833,2732032,rest,1218,62,0
1623228614842,2732820,rest,730,65,0
1623228616868,2735060,rest,2076,66,0
1623228618880,2737304,rest,2088,60,0
1623228620930,2738880,rest,1458,56,0
1623228621924,2739970,rest,1018,54,0
1623228623933,2741970,rest,1848,47,0
1623228625948,2744254,rest,2118,41,0
1623228627471,2745828,rest,1476,39,0
1623228629482,2747503,rest,1536,38,0
1623228631516,2749847,rest,2168,36,0
1623228633013,2751341,rest,1364,34,0
1623228634522,2752733,rest,1292,36,0
1623228639088,2757074,rest,652,92,0
1623228641599,2759641,rest,2368,72,0
1623228643122,2761175,rest,1420,66,0
1623228644129,2762145,rest,900,64,0
1623228645133,2763435,rest,1204,61,0
1623228647656,2765679,rest,2100,53,0
1623228649169,2767173,rest,1378,50,1
1623228650188,2768222,rest,980,48,0
1623228651188,2769394,rest,1072,47,0
1623228652199,2770204,rest,776,46,0
1623228654245,2772667,rest,2296,41,0
1623228655731,2774140,rest,1378,44,1
1623228657256,2775291,rest,1064,45,0
1623228658759,2776826,rest,1418,43,1
1623228659772,2777956,rest,1044,44,0
1623228660799,2778785,rest,758,49,0
1623228661317,2779289,rest,470,53,0
1623228661792,2780017,rest,674,54,0
1623228662299,2780684,rest,608,57,0
1623228663307,2781312,rest,582,58,0
1623228663811,2781837,rest,494,70,1
1623228664836,2782869,rest,940,74,0
1623228665836,2784119,rest,1146,73,0
1623228666841,2784867,rest,688,81,0
1623228666841,2785311,rest,412,88,0
1623228668892,2786889,rest,1460,80,0
1623228669874,2787918,rest,938,75,1
1623228670879,2788886,rest,910,73,1
1623228671391,2789633,rest,680,72,0
1623228672403,2790420,rest,720,71,0
1623228672897,2790965,rest,508,71,0
1623228673907,2791915,rest,890,71,0
1623228674414,2792622,rest,656,76,0
1623228674926,2793390,rest,700,76,1
1623228675965,2793977,rest,550,74,0
1623228676938,2794945,rest,882,80,0
1623228678453,2796480,rest,1442,75,0
1623228679470,2797491,rest,934,75,1
1623228680987,2799430,rest,1792,66,0
1623228682510,2800944,rest,1394,61,1
1623228684012,2802034,speech,1020,58,0
1623228685016,2803266,speech,1122,57,0
1623228686027,2804014,speech,702,56,0
1623228686536,2804578,speech,516,57,0
1623228687038,2805104,speech,476,58,0
1623228687545,2805547,speech,412,61,0
1623228688551,2806598,speech,958,64,0
1623228689575,2807708,speech,1034,63,0
1623228690087,2808375,speech,620,72,0
1623228691078,2809104,speech,654,79,0
1623228691585,2809889,speech,720,83,0
1623228692592,2810618,speech,678,88,1
1623228693096,2811384,speech,714,88,1
1623228694113,2812112,speech,672,86,1
1623228695114,2813181,speech,984,80,0
1623228696128,2814353,speech,1074,74,0
1623228697150,2815142,speech,732,76,0
1623228697664,2815647,speech,474,81,0
1623228698145,2816152,speech,456,83,0
1623228698145,2816475,speech,292,88,0
1623228699166,2817161,speech,660,89,0
1623228699660,2817970,speech,734,88,0
1623228700676,2818676,speech,654,89,0
1623228702192,2820252,speech,1438,80,0
1623228703216,2821222,speech,912,80,0
1623228704213,2822212,speech,914,82,1
1623228705719,2823726,speech,1410,75,0
1623228706733,2824777,speech,950,71,0
1623228707757,2826010,speech,1132,66,1
1623228708763,2826777,speech,706,63,0
1623228710268,2828292,speech,1384,58,0
1623228711283,2829544,speech,1170,56,1
1623228712308,2830312,speech,708,55,0
1623228712308,2830756,speech,424,61,0
1623228716327,2834311,speech,430,139,0
1623228716835,2834896,speech,536,136,0
1623228717836,2835845,speech,892,123,0
1623228719373,2837342,speech,1412,102,0
1623228720399,2838656,speech,1218,90,0
1623228721387,2839442,speech,730,86,0
1623228721882,2839928,speech,456,86,0
1623228722385,2840432,speech,456,85,0
1623228722385,2840754,speech,296,87,0
1623228723400,2841442,speech,640,84,0
1623228723899,2841947,speech,480,84,0
1623228723899,2842270,speech,290,87,0
1623228724424,2842877,speech,588,91,0
1623228726444,2844855,speech,1830,85,0
1623228731475,2849524,speech,1460,41,0
1623228732484,2850694,speech,1088,42,0
1623228734529,2852832,speech,1994,40,0
1623228736022,2854328,speech,1408,40,0
1623228737541,2855580,speech,1168,41,0
1623228738547,2856549,speech,912,43,0
1623228740058,2858063,speech,1420,43,1
1623228741077,2859115,speech,978,44,0
1623228742101,2860085,speech,926,46,0
1623228742586,2860833,speech,704,49,0
1623228743086,2861539,speech,656,53,0
1623228744606,2862991,speech,1344,52,0
1623228747128,2865136,speech,2014,52,0
1623228748143,2866489,speech,1272,52,1
1623228752181,2870362,speech,664,90,0
1623228753191,2871231,speech,804,88,0
1623228753686,2871756,speech,486,90,0
1623228754193,2872662,speech,854,88,0
1623228756207,2874216,speech,1466,79,0
1623228757226,2875205,speech,926,76,0
1623228758735,2877106,speech,1766,67,0
1623228760253,2878237,speech,1060,64,0
1623228760761,2879206,speech,906,62,0
1623228761764,2879812,speech,566,63,0
1623228762274,2880600,speech,756,62,0
1623228763302,2881289,speech,628,63,0
1623228764800,2883248,speech,1830,55,0
1623228766820,2885104,speech,1754,51,0
1623228767826,2886296,speech,1116,53,0
1623228769853,2887894,speech,1486,50,1
1623228770876,2888863,speech,910,54,0
1623228771876,2889893,speech,940,55,0
1623228772873,2890921,speech,940,54,0
1623228774399,2892437,speech,1410,50,0
1623228774896,2893366,speech,848,50,0
1623228775907,2893912,speech,508,51,0
1623228775907,2894235,rest,304,58,0
1623228776419,2894516,rest,252,68,0
1623228776918,2894941,rest,396,75,0
1623228776918,2895203,rest,252,88,0
1623228777429,2895729,rest,476,94,0
1623228777944,2896353,rest,576,100,0
1623228780447,2898456,rest,1936,86,0
1623228781970,2900373,rest,1792,81,0
1623228784496,2902796,rest,2244,68,0
1623228789543,2907543,rest,966,62,0
1623228793581,2911604,rest,542,110,0
1623228794083,2912330,rest,674,108,0
1623228795592,2913621,rest,1192,96,1
1623228796607,2914652,rest,974,90,1
1623228797620,2915622,rest,894,85,1
1623228798625,2916670,rest,986,80,1
1623228799649,2917639,rest,910,77,1
1623228800644,2918911,rest,1178,71,0
1623228801653,2919700,rest,732,69,0
1623228802159,2920166,rest,440,70,0
1623228802666,2920873,rest,674,69,0
1623228803170,2921580,rest,646,69,0
1623228804201,2922226,rest,620,74,0
1623228804690,2922913,rest,638,77,1
1623228805188,2923639,rest,676,80,1
1623228806204,2924386,rest,708,83,1
1623228806717,2925132,rest,700,85,1
1623228808219,2926566,rest,1338,83,0
1623228809225,2927435,rest,804,82,0
1623228809739,2928120,rest,644,80,0
1623228810746,2928767,rest,602,81,0
1623228811244,2929271,rest,462,83,0
1623228811244,2929593,rest,314,87,0
1623228812264,2930299,rest,654,86,0
1623228812761,2931167,rest,798,85,0
1623228813781,2931815,rest,592,86,0
1623228814317,2932563,rest,710,86,1
1623228815292,2933290,rest,676,96,1
1623228815791,2934037,rest,706,97,1
1623228816800,2934845,rest,740,96,1
1623228817301,2935492,rest,610,95,1
1623228817821,2936138,rest,616,93,1
1623228818817,2936827,rest,646,89,1
1623228820334,2938382,rest,1450,79,0
1623228821358,2939370,rest,924,78,0
1623228821877,2939957,rest,554,78,0
1623228822359,2940803,rest,778,77,0
1623228823364,2941370,rest,540,79,0
1623228823872,2942056,rest,640,80,0
1623228824380,2942784,rest,658,80,1
1623228825900,2944240,rest,1368,73,0
1623228827410,2945451,rest,1128,69,0
1623228828425,2946460,rest,952,66,1
1623228828935,2947228,rest,712,72,0
1623228829934,2947916,rest,648,75,0
1623228830439,2948684,rest,718,73,0
1623228830938,2949411,rest,686,74,0
1623228831950,2950179,rest,702,73,1
1623228833462,2951531,rest,1256,68,0
1623228833973,2952339,rest,754,67,0
1623228834982,2952986,rest,602,73,0
1623228835490,2953734,rest,708,77,0
1623228836517,2954502,rest,698,80,0
1623228838053,2956036,rest,1426,73,0
1623228839528,2957511,rest,1396,67,0
1623228840535,2958582,rest,990,65,0
1623228841546,2959775,rest,1104,62,1
1623228842559,2960604,rest,780,61,0
1623228843069,2961389,rest,740,65,0
1623228844090,2962118,rest,680,65,0
1623228845077,2963067,rest,870,63,0
1623228845582,2963874,rest,754,63,1
1623228846596,2964582,rest,650,63,1
1623228847605,2966076,rest,1380,64,0
1623228849122,2967146,rest,1000,67,1
1623228850133,2968378,rest,1120,66,0
1623228851157,2969126,rest,710,69,0
1623228851669,2969651,rest,478,71,0
1623228852149,2970177,rest,486,73,0
1623228852149,2970499,rest,300,77,0
1623228853160,2971207,rest,670,79,0
1623228853666,2971995,rest,726,79,0
1623228854685,2972701,rest,668,79,0
1623228855177,2973490,rest,746,86,0
1623228855687,2974156,rest,624,92,0
1623228856696,2974803,rest,608,99,1
1623228857207,2975248,rest,402,105,0
1623228858226,2976458,rest,1128,94,0
1623228860744,2978739,rest,2130,75,0
1623228861753,2980111,rest,1280,66,1
1623228862752,2981062,rest,892,65,0
1623228863264,2981646,rest,536,66,0
1623228863760,2982009,rest,332,69,0
1623228864267,2982272,rest,256,73,0
1623228865800,2984151,rest,1746,64,0
1623228867301,2985302,rest,1084,61,0
1623228867798,2986067,rest,722,59,0
1623228868813,2986817,rest,686,62,0
1623228869333,2987322,rest,470,75,0
1623228869820,2987867,rest,520,82,0
1623228870323,2988595,rest,688,85,0
1623228870828,2989239,rest,606,84,1
1623228871866,2989866,rest,590,81,1
1623228872353,2990551,rest,644,77,1
1623228872868,2991218,rest,630,90,1
1623228873355,2991622,rest,380,101,0
1623228873862,2992026,rest,382,107,0
1623228874867,2993320,rest,1210,98,0
1623228875883,2994109,rest,752,93,0
1623228876394,2994633,rest,490,94,0
1623228878405,2996550,rest,1772,80,0
1623228879930,2997926,rest,1280,73,1
1623228880451,2998773,rest,786,72,0
1623228881941,3000005,rest,1140,68,1
1623228882443,3000914,rest,868,66,0
1623228883971,3001985,rest,998,62,1
1623228884467,3002672,rest,636,60,0
1623228884968,3003339,rest,634,64,0
1623228886488,3004774,rest,1336,60,0
1623228890522,3008508,rest,604,99,0
1623228891029,3009235,rest,664,98,0
1623228891532,3009982,rest,716,96,0
1623228892544,3010589,rest,542,97,0
1623228893043,3011072,rest,456,100,0
1623228893554,3011537,rest,448,102,0
1623228894064,3012264,rest,680,101,0
1623228894575,3012706,rest,410,104,0
1623228897083,3015131,rest,2254,81,0
1623228898604,3016625,rest,1402,73,0
1623228899610,3017857,rest,1146,68,0
1623228900113,3018583,rest,688,68,0
1623228901646,3019918,rest,1252,64,0
1623228903655,3021697,rest,1626,57,0
1623228904658,3022887,rest,1106,54,1
1623228905677,3023715,rest,776,52,0
1623228906682,3024685,rest,912,51,0
1623228907182,3025272,rest,548,51,0
1623228907182,3025614,rest,328,61,0
1623228907689,3025878,rest,252,69,0
1623228908705,3026686,rest,752,72,0
1623228910216,3028200,rest,1412,66,0
1623228912230,3030602,rest,2254,60,0
1623228914248,3032238,rest,1508,60,1
1623228916284,3034721,rest,2326,54,0
1623228918799,3036842,rest,1986,48,0
1623228920315,3038358,rest,1430,46,0
1623228921318,3039406,rest,988,45,0
1623228921823,3040254,rest,788,43,0
1623228922839,3041122,rest,796,42,0
1623228924347,3042739,rest,1518,40,0
1623228925865,3044195,rest,1346,40,0
1623228927381,3045669,rest,1368,42,0
1623228928396,3046556,rest,820,44,0
1623228928893,3047344,rest,738,50,0
1623228929907,3048194,rest,792,56,0
1623228930927,3049023,rest,762,60,0
1623228931923,3049931,rest,838,61,0
1623228935458,3053525,rest,310,193,0
1623228935964,3054233,rest,668,173,0
1623228937483,3055847,rest,1510,129,0
1623228938990,3057300,rest,1360,105,0
1623228941517,3059707,rest,2236,78,0
1623228943539,3061545,rest,1738,66,0
1623228945058,3063463,rest,1794,56,1
1623228946569,3064817,rest,1276,52,0
1623228948084,3066251,rest,1344,47,0
1623228949601,3067744,rest,1402,44,0
1623228950611,3068672,rest,862,42,0
1623228951110,3069279,rest,560,42,0
1623228951616,3069643,rest,338,46,0
1623228951616,3069906,rest,252,50,0
1623228952639,3070634,rest,646,58,0
1623228956667,3074994,rest,730,82,0
1623228957676,3075742,rest,696,82,0
1623228958178,3076227,rest,450,85,0
1623228958178,3076550,rest,314,91,0
1623228959189,3077379,rest,768,90,0
1623228959702,3078044,rest,640,92,0
1623228960725,3078711,rest,634,93,1
1623228961207,3079458,rest,680,94,1
1623228961715,3080185,rest,686,94,1
1623228963741,3081741,rest,1454,85,0
1623228964743,3082772,rest,950,82,1
1623228965757,3083862,rest,1024,78,1
1623228966257,3084548,rest,646,77,0
1623228968275,3086628,rest,1946,63,0
1623228969797,3088084,rest,1364,59,1
1623228971310,3089497,rest,1332,56,1
1623228972824,3090930,rest,1328,52,1
1623228974350,3092366,rest,1358,49,0
1623228975368,3093820,rest,1370,46,1
1623228977374,3095376,rest,1444,47,1
1623228978893,3096911,rest,1446,45,1
1623228979893,3097881,rest,908,45,0
1623228982944,3101375,rest,410,146,0
1623228983931,3101959,rest,558,141,0
1623228984432,3102725,rest,716,131,0
1623228985451,3103494,rest,722,123,0
1623228986453,3104504,rest,948,111,0
1623228987464,3105675,rest,1096,98,0
1623228987970,3106422,rest,692,94,0
1623228988988,3107230,rest,762,89,0
1623228989505,3107957,rest,680,85,0
1623228991512,3109514,rest,1448,74,0
1623228992518,3110989,rest,1392,66,0
1623228994535,3112563,rest,1458,60,0
1623228995545,3113593,rest,974,58,0
1623228996564,3114746,rest,1094,56,0
1623228997077,3115514,rest,704,58,0
1623228998072,3116321,rest,762,60,0
1623228999078,3117108,rest,734,60,0
1623228999583,3117956,rest,800,59,0
1623229001106,3119147,rest,1124,57,0
1623229002113,3120159,rest,944,60,1
1623229002614,3120987,rest,764,64,0
1623229003631,3121816,rest,762,69,0
1623229004142,3122481,rest,614,72,0
1623229005141,3123169,rest,636,76,0
1623229005141,3123612,rest,416,79,0
1623229005644,3123915,rest,282,84,0
1623229006658,3124683,rest,720,84,0
1623229007161,3125390,rest,666,86,0
1623229007667,3126056,rest,610,93,1
1623229008672,3126723,rest,622,98,1
1623229008672,3127126,rest,374,105,0
1623229009179,3127451,rest,306,114,0
1623229009685,3128034,rest,556,115,0
1623229010187,3128399,rest,334,122,0
1623229010699,3129106,rest,672,116,0
1623229011719,3129914,rest,754,106,0
1623229012714,3130722,rest,768,106,0
1623229013221,3131388,rest,612,107,0
1623229015239,3133247,rest,1742,89,0
1623229016249,3134581,rest,1248,81,0
1623229017263,3135387,rest,748,77,0
1623229017762,3135872,rest,448,76,0
1623229017762,3136235,rest,346,78,0
1623229020795,3138801,rest,2416,61,0
1623229022816,3140860,rest,1928,54,0
1623229024329,3142356,rest,1394,51,0
1623229025341,3143386,rest,962,50,0
1623229025850,3144214,rest,780,49,0
1623229026879,3144920,rest,646,54,0
1623229027358,3145729,rest,764,57,0
1623229028373,3146415,rest,640,58,0
1623229028872,3147161,rest,712,56,0
1623229029884,3147910,rest,696,54,1
1623229030396,3148677,rest,732,64,1
1623229031399,3149426,rest,694,74,1
1623229031901,3150132,rest,654,82,1
1623229032412,3150799,rest,628,86,1
1623229033427,3151443,rest,604,88,1
1623229033427,3151846,rest,362,92,0
1623229033940,3152250,rest,382,98,0
1623229034935,3153079,rest,770,96,0
1623229035438,3153826,rest,714,96,0
1623229036443,3154654,rest,758,95,0
1623229036949,3155402,rest,718,95,0
1623229037956,3156229,rest,764,94,1
1623229038977,3157017,rest,742,93,1
1623229039475,3157764,rest,688,92,1
1623229040496,3158513,rest,698,91,1
1623229041006,3159321,rest,762,85,1
1623229042513,3160897,rest,1474,74,0
1623229044020,3162047,rest,1092,71,0
1623229045027,3163278,rest,1150,67,1
1623229046042,3164025,rest,708,68,0
1623229046550,3164753,rest,674,68,0
1623229047049,3165400,rest,590,70,0
1623229048561,3166974,rest,1486,64,0
1623229050090,3168406,rest,1334,60,0
1623229051598,3169903,rest,1392,56,0
1623229053106,3171459,rest,1424,53,0
1623229054633,3172649,rest,1114,54,0
1623229055652,3173678,rest,954,55,0
1623229056135,3174506,rest,770,57,0
1623229057148,3175335,rest,772,57,0
1623229058159,3176165,rest,766,56,0
1623229059670,3177699,rest,1454,52,0
1623229061188,3179234,rest,1440,52,0
1623229062714,3180708,rest,1400,52,0
1623229063230,3181617,rest,842,54,0
1623229064221,3182366,rest,714,58,0
1623229064733,3183174,rest,764,60,0
1623229065729,3184001,rest,764,61,0
1623229066755,3184768,rest,714,62,0
1623229067244,3185594,rest,774,62,1
1623229068259,3186302,rest,664,62,1
1623229068762,3187070,rest,720,68,1
1623229069781,3187778,rest,674,74,1
1623229070292,3188627,rest,788,80,1
1623229071289,3189353,rest,690,82,1
1623229071789,3190140,rest,734,82,1
1623229072796,3190824,rest,630,83,1
1623229073300,3191571,rest,698,84,1
1623229074308,3192319,rest,710,84,1
1623229074819,3193105,rest,736,85,1
1623229075824,3193875,rest,704,84,1
1623229076335,3194660,rest,742,84,1
1623229077358,3195367,rest,646,84,1
1623229077840,3195850,rest,460,88,0
1623229077840,3196153,rest,278,94,0
1623229078854,3196861,rest,676,95,0
1623229079357,3197670,rest,744,93,0
1623229080374,3198397,rest,680,94,0
1623229080886,3199205,rest,762,93,0
1623229081880,3199950,rest,678,94,0
1623229082389,3200819,rest,818,92,1
1623229083398,3201626,rest,768,92,1
1623229084424,3202415,rest,726,91,1
1623229084912,3203204,rest,726,87,1
1623229085922,3203932,rest,680,82,1
1623229086431,3204720,rest,738,81,1
1623229087439,3205467,rest,694,82,1
1623229087946,3206274,rest,750,81,1
1623229088955,3207001,rest,676,82,1
1623229089455,3207870,rest,816,81,1
1623229090472,3208698,rest,768,81,1
1623229091489,3209467,rest,738,82,1
1623229092001,3210234,rest,712,82,1
1623229092992,3211001,rest,736,82,1
1623229094506,3212515,rest,1414,74,0
1623229095017,3213425,rest,848,73,0
1623229096037,3214030,rest,574,74,0
1623229096532,3214536,rest,464,77,0
1623229097543,3215890,rest,1276,71,0
1623229098558,3216717,rest,766,72,0
1623229099067,3217283,rest,522,74,0
1623229099578,3217829,rest,520,76,0
1623229101579,3219888,rest,1944,66,0
1623229103107,3221140,rest,1166,63,1
1623229103598,3222027,rest,820,67,0
1623229104604,3222774,rest,700,68,0
1623229105109,3223461,rest,646,68,0
1623229106134,3224166,rest,668,66,0
1623229106643,3224671,rest,470,72,0
1623229106643,3224975,rest,284,77,0
1623229107156,3225601,rest,590,76,0
1623229109153,3227157,rest,1456,68,0
1623229110665,3228712,rest,1472,72,0
1623229111672,3229661,rest,884,75,0
1623229112183,3230226,rest,530,77,0
1623229112695,3230712,rest,452,80,0
1623229112695,3231015,rest,272,84,0
1623229113709,3231703,rest,642,85,0
1623229114706,3232734,rest,970,79,0
1623229115718,3233762,rest,956,72,0
1623229116220,3234510,rest,702,72,0
1623229117229,3235236,rest,684,79,0
1623229117742,3235963,rest,686,88,0
1623229118746,3236753,rest,726,90,0
1623229118746,3237217,rest,436,92,0
1623229119251,3237500,rest,262,94,0
1623229121290,3239560,rest,1950,74,0
1623229123289,3241601,rest,1920,64,0
1623229124807,3242855,rest,1174,63,0
1623229125309,3243623,rest,724,64,0
1623229125832,3244208,rest,542,65,0
1623229126318,3244550,rest,326,68,0
1623229126845,3244853,rest,276,72,0
1623229127334,3245399,rest,518,73,0
1623229127334,3245742,rest,310,75,0
1623229128353,3246348,rest,564,72,0
1623229129856,3248268,rest,1822,73,0
1623229132382,3250430,rest,2010,72,0
1623229133895,3251924,rest,1408,70,1
1623229134927,3252934,rest,948,68,0
1623229135423,3253722,rest,728,67,0
1623229135934,3254247,rest,492,66,0
1623229136958,3255296,rest,986,61,1
1623229137936,3255942,rest,602,60,0
1623229138440,3256649,rest,660,58,0
1623229139963,3257962,rest,1208,55,0
1623229141480,3259902,rest,1810,55,0
1623229143508,3261518,rest,1530,57,0
1623229146019,3264022,rest,2330,53,0
1623229148039,3266063,rest,1922,48,0
1623229150573,3268566,rest,2342,43,0
1623229153082,3271132,rest,2398,38,0
1623229154595,3272868,rest,1610,36,0
1623229156617,3274948,rest,1940,33,0
1623229158153,3276181,rest,1166,32,0
1623229158668,3276929,rest,700,33,0
1623229160150,3278200,rest,1180,35,0
1623229160655,3278948,rest,714,36,0
1623229161672,3279857,rest,844,40,0
1623229162171,3280442,rest,536,44,0
1623229162696,3281089,rest,620,51,0
1623229163688,3281716,rest,590,60,0
1623229165728,3283736,rest,1904,58,0
1623229166719,3285008,rest,1180,63,1
1623229167725,3285756,rest,710,66,0
1623229168234,3286241,rest,462,68,0
1623229168736,3286747,rest,478,74,0
1623229168736,3287089,rest,310,78,0
1623229169746,3287817,rest,668,80,0
1623229170766,3288806,rest,942,76,0
1623229172286,3290301,rest,1390,69,0
1623229173281,3291289,rest,926,66,0
1623229173784,3291996,rest,664,77,0
1623229174291,3292461,rest,416,86,0
1623229174291,3292764,rest,288,91,0
1623229175301,3293634,rest,826,86,0
1623229176316,3294764,rest,1052,80,0
1623229177331,3295432,rest,632,76,0
1623229177831,3295834,rest,386,79,0
1623229177831,3296117,rest,252,87,0
1623229178332,3296804,rest,644,98,0
1623229179348,3297452,rest,618,103,1
1623229179859,3297996,rest,506,106,1
1623229180374,3298623,rest,586,103,1
1623229184402,3302864,rest,650,92,0
1623229185404,3303451,rest,540,93,0
1623229186924,3304966,rest,1424,83,0
1623229187924,3305934,rest,898,80,0
1623229188437,3306521,rest,538,82,0
1623229188936,3307246,rest,690,81,0
1623229189950,3307994,rest,688,81,0
1623229190456,3308823,rest,772,80,0
1623229191470,3309653,rest,794,78,1
1623229192479,3310482,rest,778,77,1
1623229193990,3311995,rest,1418,70,0
1623229196006,3314398,rest,2246,58,0
1623229197522,3315975,rest,1466,58,1
1623229199035,3317086,rest,1036,57,0
1623229201061,3319106,rest,1908,50,0
1623229203103,3321452,rest,2184,45,0
1623229205103,3323349,rest,1740,41,1
1623229206110,3324457,rest,1046,41,0
1623229207118,3325145,rest,628,41,0
1623229207623,3325670,rest,494,42,0
1623229208633,3326640,rest,920,43,0
1623229212162,3330213,rest,488,122,0
1623229212669,3330698,rest,462,123,0
1623229212669,3331061,rest,354,127,0
1623229214187,3332214,rest,1086,112,0
1623229214695,3333164,rest,890,104,0
1623229215702,3333931,rest,704,101,0
1623229217212,3335464,rest,1430,87,0
1623229218734,3336939,rest,1394,77,0
1623229220244,3338516,rest,1478,68,0
1623229222768,3340916,rest,2266,56,0
1623229224300,3342372,rest,1360,52,0
1623229225299,3343706,rest,1256,49,0
1623229226805,3345118,rest,1308,45,0
1623229228321,3346651,rest,1422,44,0
